,stdMinorAxisLength,sample,stdMajorAxisLength,majorAxisLength,averageArea,totalCount,stdArea,minorAxisLength
0,3.231042703,SAP1,3.776266293,50.50862427,1600.64,35,201.997402,40.81196042
1,3.263786377,SAP1,3.640803095,50.63687954,1604.64,35,200.7908125,40.82693365
2,4.374542319,SAP2,3.572400716,42.90630233,1267.131579,77,241.8969083,38.17218955
3,4.374656505,SAP2,3.591888155,43.05696167,1277.342105,81,242.3211523,38.31932077
4,3.433112192,SAP3,3.23965835,48.51130266,1636.913043,42,227.2120085,43.37592239
5,3.46238644,SAP3,3.221495585,48.58796594,1639.913043,41,228.535396,43.37125181
6,2.602753501,SAP7,2.532053929,43.86412671,1312.541667,34,145.1992824,38.37219549
7,2.581718065,SAP7,2.518097717,43.79782035,1306.375,34,142.8264718,38.22899802
8,3.657421696,SAP8,3.355433879,55.88290843,2059.72973,44,221.3958969,48.73146041
9,3.8737584,SAP8,5.10375485,56.49626106,2064.184211,44,226.4856049,48.89924131
10,2.984595418,SAP9,3.116000447,50.20501695,1683.69697,48,182.4656854,43.1479912
11,2.946580963,SAP9,3.091326519,50.15268895,1679.0,49,180.317565,43.08825408
12,5.400440274,SAP10,4.552600932,44.68267327,1293.9375,48,316.9641085,38.07649785
13,5.37345977,SAP10,4.543644448,44.56796702,1288.96875,48,317.2351734,38.03462463
14,2.732668968,SAP11,2.944646997,51.09819141,1587.147059,42,152.9200353,40.02092006
15,2.728953823,SAP11,2.940391556,51.06607654,1588.411765,41,152.2745426,40.08549589
16,3.896509486,SAP12,5.074457487,46.12902299,1382.340426,54,256.2540525,38.63163326
17,3.931444634,SAP12,5.194493905,46.18378481,1392.755556,54,259.6873467,38.79071481
18,2.239311496,SAP13,3.091534004,44.51355127,1305.171429,67,130.4205255,37.64809949
19,2.255232736,SAP13,3.098303929,44.57906364,1301.939394,66,133.43684,37.4884008
20,3.534089329,SAP14,3.495635198,44.17315849,1307.357143,35,190.0879898,38.56626092
21,3.524360174,SAP14,3.497943203,44.20564392,1310.607143,36,189.8526382,38.63355931
22,3.390534397,SAP15,3.477941699,40.99621264,1160.766667,70,208.335896,36.59897966
23,3.452001158,SAP15,3.472683884,41.10464802,1169.266667,72,210.1058358,36.76069497
24,3.852765617,SAP16,3.268433019,45.04697615,1369.387097,49,223.4381891,39.29331127
25,3.762063695,SAP16,3.302775984,44.9824389,1367.515152,49,223.0143522,39.28692478
26,3.378761177,SAP17,3.676093892,42.29129115,1174.482759,85,193.2533839,35.85562325
27,3.375197697,SAP17,3.720757895,42.47722579,1185.517241,85,195.0693282,36.02776044
28,4.466087213,SAP18,3.581702875,45.87882067,1282.419355,49,206.717631,36.06172311
29,4.408645006,SAP18,3.56144061,45.95503384,1288.09375,48,207.9019239,36.12425315
30,3.129950445,SAP19,4.505861926,47.34620569,1462.054054,54,217.9986295,40.12158446
31,3.113112478,SAP19,4.795387423,47.49345553,1466.864865,54,219.757749,40.17276145
32,2.221578569,SAP20,3.249005284,41.7459804,753.6610169,156,83.86280365,23.42910142
33,2.353224148,SAP20,3.290088576,41.77342392,756.2419355,158,94.36044235,23.46993821
34,2.989526779,SAP21,2.398130427,45.56597282,1433.944444,44,165.9079304,40.98489858
35,2.986037835,SAP21,2.439453234,45.5153345,1431.055556,44,166.8087635,40.95664773
36,3.496072444,SAP22,3.245138038,45.78874952,1423.821429,64,211.3445145,39.86902323
37,3.260560299,SAP22,3.161096195,45.87286134,1431.692308,61,199.2913926,40.04354303
38,3.587674335,SAP23,3.742862342,48.87840451,1609.257143,74,242.9062539,42.3412708
39,3.25921807,SAP23,3.48829459,48.98482512,1615.411765,74,220.0736665,42.49659268
40,3.046743683,SAP24,4.562617305,49.10379982,1435.758621,50,190.2736061,37.7323031
41,3.026803309,SAP24,4.725311229,49.08820707,1438.222222,50,191.745652,37.83929559
42,3.87881963,SAP25,5.539372162,51.87458333,1799.068966,50,331.7858606,44.38581459
43,3.86565371,SAP25,5.51839623,51.84251182,1794.724138,50,329.5367591,44.30388906
44,2.670114297,SAP26,3.096128568,40.428422,933.9090909,33,126.9312302,29.73390714
45,2.707606578,SAP26,3.135527208,40.5938578,938.4242424,33,128.9843848,29.77018775
46,4.047085111,SAP27,4.167661149,53.10340937,1982.444444,41,289.8691063,47.99481028
47,4.076942042,SAP27,4.163028641,53.03693285,1979.074074,41,290.0413669,47.99052001
48,4.090119935,SAP28,3.332536826,48.04536045,1628.1875,49,255.6575392,43.4233128
49,4.064775527,SAP28,3.325774802,48.17370134,1635.875,49,256.4346591,43.48559774
50,2.686498076,SAP29,3.539197437,35.1864535,770.5185185,188,122.8499146,28.2087994
51,2.673525289,SAP29,3.566742187,35.19114255,770.8888889,190,123.6101498,28.20437253
52,2.396962801,SAP30,2.824276318,44.76272996,1288.928571,56,132.3887481,37.08062252
53,2.405179126,SAP30,2.856466376,44.73949953,1288.690476,58,133.8902337,37.09928457
54,3.064449742,SAP31,3.055605065,44.48520017,1185.178571,78,148.0801071,34.25158468
55,3.098805116,SAP31,3.008878095,44.46641224,1185.821429,80,147.6673514,34.30392917
56,2.899381791,SAP32,3.92703673,41.99376153,1092.424242,58,165.3761608,33.59614439
57,2.918401632,SAP32,3.954124495,41.9093123,1089.363636,59,165.9298534,33.56195842
58,1.996942528,SAP33,9.217706891,49.42206014,1135.956522,98,217.9153163,30.00275719
59,2.32014347,SAP33,7.576540105,47.71726284,1076.954545,102,192.3733296,30.06827706
60,4.163879357,SAP34,4.031206837,51.21625007,1841.423077,38,289.1833559,46.72868856
61,4.152902955,SAP34,3.998922302,51.24237471,1842.307692,39,288.077149,46.72169458
62,3.025310228,SAP35,2.798747087,45.39276571,1251.736842,48,139.4105418,35.53818629
63,3.072681119,SAP35,2.783162005,45.44713855,1252.315789,52,140.1506906,35.51429128
64,2.859310166,SAP36,4.804006349,43.49272153,1046.660714,99,208.4971117,31.66632785
65,2.757372203,SAP36,4.419542226,43.92561752,1075.166667,95,192.4091657,32.09404791
66,3.344238002,SAP37,2.682941726,47.08293543,1512.705882,47,198.5182655,41.55237806
67,3.354077192,SAP37,2.634997562,46.84065955,1510.470588,46,202.8903261,41.5837704
68,2.577739042,SAP38,2.775937241,46.00641688,1212.619048,90,111.1324719,33.85418597
69,2.576266609,SAP38,2.767205976,45.9364588,1207.666667,89,109.8528597,33.75505208
70,1.742650727,SAP39,3.754858928,43.06072219,885.2058824,160,96.6390432,26.64639132
71,1.752516667,SAP39,3.706677908,43.05917935,883.3235294,158,96.37479552,26.58315485
72,2.570465712,SAP40,3.273748251,50.31610837,1638.4375,46,180.1447226,41.76728324
73,2.632453668,SAP40,3.271810061,50.16427723,1630.625,44,182.6820582,41.69282096
74,2.561408365,SAP41,2.565771834,49.3949515,1695.642857,50,166.0564049,44.68794153
75,2.528804765,SAP41,2.58821003,49.56033072,1708.785714,52,165.4792514,44.85007452
76,2.734443957,SAP42,3.117722814,50.829021,1691.515152,52,178.4898132,42.98004881
77,2.770581944,SAP42,3.155113023,50.81817898,1695.787879,52,179.1472659,43.10420125
78,2.333590099,SAP43,2.463167192,42.45326571,1191.277778,57,122.4635118,36.32387496
79,2.326825414,SAP43,2.308009273,42.62688097,1200.805556,58,118.2550961,36.44486089
80,2.940697142,SAP44,3.451207697,42.13246086,1055.157895,118,157.2307266,32.12489431
81,2.980036325,SAP44,3.553457433,42.03508626,1050.315789,115,159.5028634,32.03873256
82,3.879733384,SAP45,2.470891978,52.95627151,1928.904762,34,222.7823847,46.81706434
83,3.853597888,SAP45,2.281953292,53.09925651,1935.952381,34,219.2473003,46.89509672
84,3.648047887,SAP46,3.935453118,54.39668986,1991.705882,36,284.6456548,47.22581052
85,3.639460768,SAP46,3.826473944,54.31654151,1983.0,33,282.5599364,47.17456627
86,3.201174794,SAP47,3.467784686,50.97282266,1649.086957,47,179.0649416,41.47085555
87,3.188657447,SAP47,3.488687437,50.81442863,1639.826087,43,178.0546209,41.37848539
88,3.10193295,SAP48,2.99449818,46.18142743,1444.567568,76,165.3004702,40.14768283
89,3.099369065,SAP48,2.934857509,46.1428553,1440.243243,81,164.9375648,40.05518811
90,3.403759509,SAP49,5.120571213,36.00693011,850.9767442,101,176.8398945,30.64130499
91,3.338977145,SAP49,4.988653157,36.2795773,864.0238095,103,173.1277382,30.86759195
92,4.413870352,SAP50,3.222200404,43.23804031,1279.083333,96,234.4155113,38.26230696
93,4.455862346,SAP50,3.231307628,43.30358571,1288.694444,100,235.7566801,38.46933649
94,2.321408322,SAP51,2.804265618,41.92336892,1139.717949,67,99.89839677,34.91737215
95,2.325173059,SAP51,2.808745142,41.93598592,1142.0,66,100.5214609,34.980339
96,4.009889914,SAP52,4.45918958,47.0097303,1487.04,55,275.7673628,40.97967001
97,4.265764089,SAP52,4.367966166,47.01736085,1466.730769,57,294.8648397,40.67351798
98,3.451221955,SAP53,2.658082731,44.09642898,1325.782609,45,187.3436639,38.7611329
99,3.506660956,SAP53,2.585180601,43.95770996,1317.608696,43,186.7597245,38.63708969
100,2.9784338,SAP54,3.214221757,46.17847038,1420.76,64,183.1078982,39.5700997
101,3.008831559,SAP54,3.235972227,46.20906619,1423.12,65,187.0414542,39.59829706
102,4.317875646,SAP55,3.573052881,46.87795404,1526.322581,42,255.7095614,41.64035158
103,4.288481556,SAP55,3.589472735,46.82803108,1524.225806,43,255.0195071,41.63898756
104,3.770704047,SAP56,3.403998388,45.13340223,1440.676471,71,226.8544131,41.13665569
105,3.779667095,SAP56,3.430315542,45.01572749,1431.323529,70,226.2194042,40.99040603
106,4.215352919,SAP57,3.89750896,47.11130739,1477.542857,73,262.2041018,40.66688713
107,4.159471221,SAP57,3.920446346,47.04760869,1472.228571,72,261.6084409,40.58685624
108,3.636702948,SAP58,3.131023688,53.15023891,1939.34375,44,245.0649926,47.59102072
109,3.508098138,SAP58,3.1056644,53.30694522,1954.59375,46,239.89462,47.78219716
110,2.406212428,SAP59,3.445919736,44.61556283,1283.171429,68,164.0652284,37.09302687
111,2.42828691,SAP59,3.426254041,44.53018069,1276.885714,66,164.19079,36.98854652
112,1.864468868,SAP60,2.892404096,50.25099175,1588.2,11,119.835554,40.61840879
113,3.280474293,SAP61,3.690733035,52.07471476,1805.44,38,239.893323,45.16098656
114,3.314669691,SAP61,3.730378451,51.9296989,1805.0,37,239.8682972,45.38946163
115,5.474539684,SAP62,4.003008563,56.32632013,1962.8,56,324.6698015,45.02009195
116,5.41036989,SAP62,3.947220105,56.38957507,1976.538462,57,319.5220265,45.28479858
117,4.21109399,SAP63,4.210224575,40.27543867,1025.675,72,225.7656293,32.85075897
118,4.239366703,SAP63,4.176147625,40.2415401,1022.125,70,225.239227,32.78310921
119,3.201947605,SAP64,2.318374727,47.28205261,1478.0,89,177.195821,40.82372394
120,3.21582537,SAP64,2.329872311,47.30100733,1482.692308,87,178.023933,40.89844156
121,4.747485591,SAP65,6.527742624,49.91743297,1690.185185,47,441.0038244,43.87352
122,2.625576037,SAP66,2.773662624,45.09411445,1399.833333,50,159.2323425,39.99533373
123,2.671816098,SAP66,2.793036788,45.15755375,1402.133333,56,160.9862796,39.99135603
124,4.334965293,SAP67,4.095183821,52.50791504,1696.612903,49,247.8459039,42.66071845
125,4.315874351,SAP67,4.110413737,52.48488055,1694.612903,50,248.4525888,42.60193021
126,2.44132613,SAP68,3.022426143,46.44863476,1433.904762,77,164.0986651,40.0252337
127,2.421503086,SAP68,3.047541443,46.64953949,1443.704545,78,163.7115784,40.11990824
128,2.960665992,SAP69,3.527663511,47.83954265,1537.714286,40,197.646484,42.12282187
129,2.934951011,SAP69,3.560261532,47.84003911,1534.928571,41,196.7138837,42.05029841
130,2.896385114,SAP70,3.254223252,48.56762319,1567.125,60,184.1184656,42.1082553
131,2.816879647,SAP70,3.190296811,48.48889055,1558.911765,61,178.8259699,41.92899473
132,2.276580895,SAP71,2.783587645,45.49236645,1405.964286,40,152.5299695,39.76104368
133,2.27326349,SAP71,2.806509512,45.49671512,1408.285714,42,153.3163995,39.80846032
134,3.446945055,SAP72,3.064689006,44.61676875,1321.296296,98,182.392498,38.52022777
135,3.427468951,SAP72,3.050427272,44.62360001,1319.740741,96,181.0245722,38.5195694
136,4.830746617,SAP73,3.669579015,49.82830866,1715.575,43,306.2168258,44.54753531
137,4.336973871,SAP73,3.081055146,49.21579106,1657.444444,51,254.3211492,43.73333953
138,3.239394148,SAP74,4.377188408,43.6817653,1231.451613,115,198.9569314,36.2843563
139,3.092131883,SAP74,4.199701543,43.72551249,1236.848485,115,191.4341601,36.40164742
140,2.905351921,SAP75,3.4533693,44.60890254,1262.9375,83,183.2499893,36.82431981
141,2.880928007,SAP75,3.474608462,44.75912037,1268.34375,84,183.5731478,36.85333599
142,3.40936534,SAP76,3.265109891,47.08112554,1501.184211,64,223.7050284,41.34405361
143,3.422524962,SAP76,3.262419932,47.0899974,1498.684211,60,222.6912076,41.27839382
144,2.621832441,SAP77,4.185186009,40.70117801,955.3076923,143,156.9184671,30.363423
145,2.576447334,SAP77,4.187391755,40.82868429,960.5961538,146,155.7805729,30.44139873
146,5.400098435,SAP78,5.149114922,51.33635471,1807.862069,48,352.7517173,45.50876202
147,5.404415303,SAP78,5.173772161,51.280324,1804.827586,47,353.0018139,45.47222302
148,2.393891981,SAP79,3.726494175,40.89593655,935.862069,80,127.3228923,29.45250494
149,2.423552461,SAP79,3.742294304,40.8758689,933.9122807,80,127.8774469,29.35989148
150,3.368799815,SAP80,3.077067964,43.88192765,1312.62069,44,187.0567706,38.40930845
151,3.415526605,SAP80,3.081865865,43.86921032,1311.413793,43,188.8406585,38.36888427
152,1.735767314,SAP81,2.629882705,42.33189672,1200.285714,34,104.9036487,36.53974574
153,1.762013742,SAP81,2.625971496,42.37040603,1203.285714,37,104.9254351,36.57847584
154,1.881286567,SAP82,2.351443737,38.7097622,997.8571429,30,102.1368297,33.05729882
155,1.822672876,SAP82,2.409045791,38.9533009,1005.304348,30,102.833523,33.10097541
156,2.716836577,SAP83,2.557126579,40.04503091,892.6363636,87,116.53503,28.68082534
157,2.714959882,SAP83,2.514842394,40.02133384,891.8181818,85,116.6411109,28.64010755
158,2.781254921,SAP84,3.899709831,43.68457178,1220.421053,47,205.712962,36.03546636
159,2.752598495,SAP84,3.761710964,43.66810369,1216.763158,47,203.5523254,36.03781762
160,1.789315782,SAP85,2.340668561,44.390728,1143.821429,43,89.11591712,33.10998709
161,1.794012279,SAP85,2.357369131,44.38946423,1145.464286,43,88.26359958,33.15765413
162,4.437519802,SAP86,3.223441721,43.04688175,1124.931034,58,189.2855772,33.96906462
163,3.759028315,SAP86,3.009005405,42.95139455,1124.9,57,186.9178697,33.63849476
164,3.673979467,SAP87,4.016105945,47.55201616,1525.898305,73,235.2060543,41.40956336
165,3.65732656,SAP87,3.901009747,47.44222443,1522.576271,73,233.5952028,41.39623494
166,3.898736413,SAP88,4.167031344,48.57004419,1519.078947,58,255.2509994,40.16819352
167,3.916199046,SAP88,4.163955876,48.62289013,1523.421053,57,255.6548487,40.2467662
168,3.393965985,SAP89,3.983095311,46.04994255,1335.051282,68,204.8539128,37.25952926
169,3.440688897,SAP89,4.185138052,46.05501909,1338.205128,68,209.9064724,37.3167857
170,2.743119458,SAP90,3.134704701,49.85106402,1555.615385,54,189.2842951,40.37091236
171,2.743500259,SAP90,3.187888149,49.93086704,1560.153846,57,190.008642,40.42500816
172,2.52279316,SAP91,3.133906026,48.75848616,1530.333333,70,163.8718396,41.10992758
173,2.560155336,SAP91,2.960642386,49.04641668,1543.088235,70,154.2790382,41.19676485
174,3.304071832,SAP92,3.249865056,51.22954768,1654.969697,72,205.9547589,42.25903957
175,3.357561927,SAP92,3.244506388,51.20963588,1652.636364,71,204.5740317,42.26511553
176,3.287181944,SAP93,3.828723762,52.13793485,1855.172414,41,246.104417,45.7254081
177,3.245281964,SAP93,3.807314897,52.09433584,1848.862069,39,242.9248109,45.61143841
178,4.374903217,SAP94,4.152772692,51.17005089,1802.05,40,276.468529,45.52081869
179,4.302281629,SAP94,4.20559646,51.20117743,1804.6,41,275.8420563,45.54516551
180,2.58321069,SAP95,4.244978197,43.91573752,1176.085714,105,160.6985415,34.46995529
181,2.49354319,SAP95,4.281308965,43.8801539,1174.8,111,161.1288393,34.45539247
182,3.458363532,SAP96,3.596317619,40.1517487,998.0769231,101,175.0281127,32.02922496
183,3.436309998,SAP96,3.701104527,40.2500489,1006.0,103,174.6262294,32.2027058
184,3.218011734,SAP97,3.092181198,49.77501629,1686.826087,45,202.1516117,43.67299145
185,3.162710109,SAP97,3.054009229,49.81492353,1693.434783,45,198.2115309,43.8241217
186,4.214957022,SAP98,2.868545789,48.0087467,1436.291667,61,209.6837856,40.27379018
187,4.185081856,SAP98,2.887998027,48.0827553,1441.5,61,208.5269767,40.32183016
188,4.54362323,SAP99,5.487753131,53.59715206,1670.428571,83,278.3740326,42.57842082
189,4.485412013,SAP99,5.543176694,53.59018127,1661.5,83,275.8150908,42.42502377
190,3.424627872,SAP100,4.631487869,44.89117857,1237.775862,87,230.8186363,35.48842268
191,3.398878464,SAP100,4.635238018,44.82686132,1233.051724,85,229.7542482,35.41028024
192,2.929772086,SAP101,2.579098849,39.80696867,1074.421053,60,144.9826907,34.99823782
193,2.97833242,SAP101,2.583668419,39.80395057,1074.631579,60,146.0750386,35.01464848
194,3.426535616,SAP102,4.835058744,43.27066617,1177.0,118,214.1327595,35.20756871
195,3.420891079,SAP102,4.742291166,43.28093607,1177.935484,118,212.7040858,35.19188059
196,4.009274106,SAP103,4.98118875,57.37584826,2188.307692,46,311.8645871,49.3394454
197,4.07243465,SAP103,5.010048633,57.2811955,2185.538462,46,316.519319,49.33746529
198,2.895598906,SAP104,4.630895555,42.35241551,1090.465116,102,156.9377523,33.72729855
199,2.215873475,SAP104,3.817422611,42.05453394,1106.142857,101,143.1122722,34.0805388
200,2.576992532,SAP105,4.322419986,40.12762675,989.2352941,134,169.7669785,31.91714576
201,2.575580021,SAP105,4.428926831,40.03708617,989.2941176,134,171.7889487,31.93324553
202,2.595694052,SAP106,3.508538331,41.76350934,998.7142857,99,135.8408432,30.78144291
203,2.638764062,SAP106,3.414052034,41.57114533,990.1428571,97,135.6831543,30.63302343
204,2.042531163,SAP107,4.097541768,49.368528,1385.357143,107,120.6278854,36.52829826
205,2.043900423,SAP107,4.110901811,49.40555214,1381.857143,90,121.9741525,36.40255175
206,3.889456707,SAP108,4.930183303,48.69335674,1530.217391,45,259.7786611,40.46419027
207,3.885544286,SAP108,4.850130501,48.8308199,1540.26087,45,257.9452617,40.61100866
208,2.420881836,SAP109,2.413721239,41.21676594,1105.227273,99,113.5036771,34.81265338
209,2.372279567,SAP109,2.425016384,41.16053894,1101.227273,100,111.7301668,34.72018603
210,2.69203513,SAP110,2.91692071,44.86251718,1356.645161,51,164.4730684,38.84306722
211,2.708218819,SAP110,2.819691833,44.97500656,1364.545455,51,160.8944866,38.96134667
212,3.182743635,SAP111,2.729675256,44.31192242,1263.540541,53,162.3846942,36.76190422
213,3.13585885,SAP111,2.766359955,44.3706196,1265.540541,53,161.9847498,36.7699915
214,2.481061372,SAP112,3.059181973,52.84719419,1561.103448,62,144.9554854,37.95996101
215,2.415115367,SAP112,3.114956941,52.98172632,1569.392857,63,142.9641162,38.0662428
216,3.271330799,SAP113,2.593744692,43.76031581,1187.419355,39,147.6433746,35.32923794
217,3.262583105,SAP113,2.562844518,43.73193908,1185.451613,39,148.1154386,35.31654733
218,2.812908726,SAP114,2.428779753,44.89545576,1211.0,85,119.4892464,35.28596212
219,2.819283259,SAP114,2.410494905,44.90096454,1214.42,88,119.0327837,35.36292133
220,2.932556269,SAP115,3.401015956,50.95539019,1357.657143,102,166.3471315,35.0838919
221,2.932987783,SAP115,3.44956183,50.80494293,1347.181818,100,161.6356649,35.05788538
222,2.485351124,SAP116,3.973435379,45.58128719,1062.680851,93,146.0039502,30.07030801
223,2.418375809,SAP116,3.963350397,45.60606923,1062.489796,93,144.3404596,30.05263326
224,3.06639589,SAP117,2.888379034,47.85099858,1510.125,73,193.047881,40.91757664
225,3.022807622,SAP117,2.850662456,47.92427094,1516.09375,74,192.2607863,41.02340031
226,3.642583054,SAP118,3.952609795,42.11281718,1187.54,92,229.7459649,36.46767257
227,3.585142881,SAP118,3.970495397,42.10741413,1188.5625,91,228.5187726,36.4732731
228,2.274132587,SAP119,2.479246095,47.71337076,1531.24,80,135.494732,41.88605371
229,2.34501904,SAP119,2.480592786,47.68278152,1525.8,80,136.9243587,41.7871195
230,3.257889242,SAP120,3.033493549,49.9156904,1791.12,39,219.5550628,46.02118169
231,3.271693733,SAP120,3.081817794,49.83545413,1785.4,43,219.9885452,45.95834142
232,2.816996609,SAP121,3.956734829,46.31478011,1303.48,81,180.1741646,36.27319815
233,2.958728911,SAP121,4.075815646,46.23837167,1286.16,85,183.9136058,35.9985469
234,2.070773132,SAP122,1.993971195,46.78335106,1566.217391,36,119.7221263,42.96431378
235,2.020625705,SAP122,2.005230432,46.74666721,1562.782609,36,120.8872837,42.92862048
236,3.01185429,SAP123,3.503288841,46.29558839,1432.793103,31,196.7467091,40.07206631
237,3.016413131,SAP123,3.481868861,46.41649447,1438.965517,31,197.3592004,40.11577232
238,2.984910325,SAP124,3.742281535,49.10015086,1516.230769,37,199.1675575,40.75429183
239,2.943934886,SAP124,3.735138299,49.17549544,1519.653846,37,198.2564273,40.80235641
240,2.521487735,SAP125,2.711786913,48.95374382,1552.04,46,150.8027798,41.20286215
241,2.476562472,SAP125,2.728847725,48.9174404,1548.04,46,149.9982613,41.13182871
242,2.551022191,SAP126,2.155606001,45.10611578,1375.46875,45,134.4881464,39.26895402
243,2.554912218,SAP126,2.140060678,45.17590584,1379.34375,45,133.9229278,39.31402999
244,3.303579697,SAP127,4.057215205,47.85028902,1453.842105,48,224.8175314,39.52105865
245,3.275710449,SAP127,4.055677449,47.89286201,1453.815789,51,224.2971309,39.52078876
246,2.052519253,SAP128,3.092911695,48.09549384,1523.888889,59,137.6781898,41.0661714
247,2.117828642,SAP128,3.050845428,47.92617601,1513.259259,58,140.792622,40.94151094
248,4.45986996,SAP129,4.907455155,44.37365664,1263.225806,47,271.8807506,36.83506833
249,4.404342785,SAP129,4.910262553,44.30302542,1259.096774,46,271.4767684,36.78427232
250,4.222137759,SAP130,4.49138556,49.74130282,1583.9,65,292.0938605,41.13714872
251,4.211181639,SAP130,4.468813437,49.81542175,1587.6,67,292.4252155,41.13265301
252,2.938317954,SAP131,2.905005383,46.88561005,1500.892857,48,180.8859821,41.09974544
253,2.818900302,SAP131,2.832348684,46.91892573,1505.428571,46,178.3935114,41.2660607
254,4.154986342,SAP132,3.71100966,47.72426355,1505.155556,57,257.8720575,41.18946684
255,4.124815839,SAP132,3.678399855,47.53292264,1489.93617,56,256.9343326,41.02980542
256,2.623291328,SAP133,3.054555302,45.32029338,1355.8,58,154.0930239,38.9382947
257,2.635544155,SAP133,3.136296957,45.27721581,1351.975,58,155.6553063,38.85416891
258,2.466332089,SAP134,3.17229329,52.05537975,1679.703704,39,156.1081806,41.49962213
259,2.45694812,SAP134,3.21783611,51.99128294,1675.444444,39,157.1065534,41.45634844
260,3.202185884,SAP135,4.292051911,44.4270408,1051.717391,94,139.3793171,31.10761376
261,2.701479059,SAP135,4.204826803,44.31872655,1050.911111,94,139.2763555,30.78509047
262,2.23626028,SAP136,2.11605039,44.19943452,1349.558824,48,125.0642638,39.2291732
263,2.244421415,SAP136,2.11173696,44.17142749,1344.764706,48,125.4404145,39.13003283
264,2.575061223,SAP137,3.42485116,48.9691652,1453.695652,49,171.6430661,38.1959023
265,2.517753242,SAP137,3.489124626,48.97395795,1456.909091,46,173.5961638,38.25989273
266,2.615152012,SAP138,4.230512082,48.73246094,1426.178571,47,171.4107543,37.72303728
267,2.60009643,SAP138,4.281025401,48.85345135,1429.25,46,170.9364178,37.71397664
268,2.636381226,SAP139,2.997313248,45.40594712,1168.477273,76,136.5454451,33.23689556
269,2.630157787,SAP139,2.924868981,45.45122125,1171.159091,76,135.4786033,33.29678556
270,3.912423791,SAP140,4.711323747,40.83879416,1043.386364,62,214.8757797,32.96751799
271,3.851638755,SAP140,4.688927737,41.06421371,1054.304348,61,214.2064089,33.11884003
272,3.239449956,SAP141,2.713848524,56.48905045,2204.708333,38,245.2786645,50.602425
273,3.226619082,SAP141,2.685070768,56.39125808,2201.583333,38,242.731662,50.78189334
274,3.906370458,SAP142,3.674270437,48.17162336,1534.352941,47,239.2813852,41.18526039
275,3.918531038,SAP142,3.625320168,48.19361298,1536.470588,47,237.9876709,41.22769637
276,3.447394563,SAP143,4.663146184,51.40827633,1650.758621,53,247.3009691,41.06260276
277,3.437960522,SAP143,4.613259747,51.56288973,1656.482759,50,246.6507542,41.08899106
278,2.89182868,SAP144,5.276868497,51.39492586,1654.772727,53,247.5940467,41.11451464
279,2.9911594,SAP144,5.118129548,51.11331245,1638.909091,51,246.2672069,40.96142293
280,2.292598057,SAP145,3.774668186,56.0208246,2000.8,56,196.3749475,46.3788647
281,2.306224556,SAP145,3.692165143,56.18618196,2007.692308,56,194.9263706,46.3486131
282,3.514982143,SAP146,2.786075048,56.91900202,2200.71875,54,242.1696506,50.06666443
283,3.49109195,SAP146,2.803126295,56.93338936,2196.4375,54,241.5772311,49.96975277
284,3.151632992,SAP147,3.194841877,47.27862071,1400.439024,58,158.7369428,38.26183041
285,3.158183316,SAP147,3.238904214,47.34181588,1404.829268,58,161.1209063,38.32371655
286,3.319229312,SAP148,3.661865422,52.11221231,1882.071429,54,232.3012097,46.71507123
287,3.350750352,SAP148,3.668610248,52.06191822,1877.75,52,233.8292455,46.66495928
288,2.6043365,SAP149,3.281869575,49.32860838,1687.68,68,189.9717284,44.18981453
289,2.621181854,SAP149,3.227226828,49.56631142,1704.037037,70,187.5640101,44.43506814
290,2.580571938,SAP150,2.735177856,44.12979404,1086.583333,98,103.2312332,32.03548448
291,2.262312119,SAP150,2.579206278,43.71736,1081.444444,98,102.8851691,31.81753063
292,2.934104323,SAP151,2.492886257,41.42112913,1133.888889,36,137.955262,35.22056391
293,2.996960921,SAP151,2.461064205,41.38203393,1129.222222,36,138.4481005,35.11636148
294,3.139586999,SAP152,3.162836686,41.62905168,1127.117647,43,178.5954621,35.7444911
295,3.191436681,SAP152,3.153984908,41.65808146,1130.823529,43,180.3852855,35.78421656
296,2.376854649,SAP153,2.554844903,49.96748548,1668.333333,52,154.9423484,42.98055434
297,2.510087903,SAP153,2.526582951,50.194076,1684.727273,52,159.7276608,43.18716946
298,3.806572333,SAP154,3.850043224,47.44653663,1391.3125,59,204.6378566,38.18728164
299,3.812034485,SAP154,3.860684202,47.45477585,1395.375,60,206.4306406,38.27293126
300,3.497589281,SAP155,2.733513591,48.78210087,1496.954545,52,190.5626781,40.58019597
301,3.574577316,SAP155,2.75326052,48.72483573,1492.25,52,192.9808192,40.53888862
302,2.687720761,SAP156,2.849824601,47.43793832,1324.714286,73,124.701603,35.9593083
303,2.656865486,SAP156,2.815403768,47.40507719,1321.035714,73,123.1887292,35.88979799
304,3.396092527,SAP157,3.489237876,47.46320916,1373.15625,72,215.5986012,37.49055982
305,3.358618067,SAP157,3.531075504,47.48548503,1376.0,73,214.395808,37.54219185
306,3.15197588,SAP158,3.927307113,46.93904883,1365.586207,77,159.7041483,38.46752666
307,2.796100538,SAP158,2.78501547,46.22629617,1351.758621,76,157.7115777,38.06120974
308,2.885984545,SAP159,2.173405677,51.57200944,1874.862069,32,183.7745478,46.81368435
309,2.865961226,SAP159,2.176962543,51.57407281,1876.655172,32,182.7531359,46.82918305
310,3.333646911,SAP161,3.638907692,39.56219169,1007.521739,124,171.3498505,33.72236141
311,2.193529982,SAP162,3.325472675,40.54800649,1001.846154,142,132.2194249,32.10351661
312,2.214237605,SAP162,3.374443073,40.67365925,1000.725,140,130.7650541,32.10996329
313,3.175169577,SAP163,4.796249125,42.47721419,1073.133333,118,192.4147834,32.85007506
314,3.212307215,SAP163,3.544749207,42.04466397,1032.610169,131,155.0714452,32.42056185
315,2.493999903,SAP164,3.814399176,39.70012291,866.8301887,157,127.4359234,28.3315113
316,2.676187244,SAP164,3.842366778,39.50469522,859.34,167,117.3097796,28.3808443
317,2.585615449,SAP165,2.259628797,45.97911809,1397.444444,66,131.1554304,39.56159084
318,2.572714055,SAP165,2.267295414,46.01290014,1398.416667,66,129.933824,39.5658469
319,3.440046759,SAP166,3.5433691,45.21018729,1417.678571,67,204.6671607,40.29790977
320,3.373189813,SAP166,3.23113023,44.84778306,1409.928571,67,203.9828299,40.15902134
321,3.661526403,SAP167,2.70994616,52.77339462,1889.28,36,220.5102301,45.99216088
322,2.489780929,SAP167,2.378470173,53.02677973,1919.708333,33,150.3189606,46.50277268
323,2.220517506,SAP168,1.74499879,48.69144439,1641.875,32,129.2340617,43.50403143
324,2.169768869,SAP168,1.807169568,48.79278034,1647.5,32,130.6276515,43.56625849
325,2.865516812,SAP169,2.934099937,41.42694127,1168.756757,83,162.4359176,36.28392753
326,2.955592874,SAP169,2.921197706,41.16895409,1159.65,85,167.3731684,36.29686644
327,2.067257364,SAP170,3.022073067,45.26005452,1165.481481,94,113.3229964,33.15419425
328,2.010274077,SAP170,3.113182483,44.95478578,1152.555556,93,110.6915412,33.01285197
329,2.641332913,SAP171,2.739406282,49.16907231,1238.541667,75,108.9460796,32.4636913
330,2.65172327,SAP171,2.833019743,48.97547811,1229.708333,75,109.3962519,32.37189389
331,2.695362383,SAP172,4.076822177,41.52015777,1050.757576,123,161.0217434,33.33124011
332,2.85657971,SAP172,4.236437157,41.13016381,1040.617647,127,170.1342056,33.338002
333,3.019332154,SAP173,4.122762249,49.23096532,1631.0,55,223.3655556,42.42264858
334,3.0725687,SAP173,4.094281246,49.4461151,1643.171429,57,223.7949937,42.5688367
335,3.828189139,SAP174,3.997337448,47.53562139,1491.75,94,233.2582298,40.74252927
336,3.722723947,SAP174,4.843279909,47.93378247,1503.482759,97,224.7135526,40.9897452
337,4.380571402,SAP175,6.052154977,45.09408794,1251.166667,104,291.2783415,36.45670478
338,2.676948019,SAP176,2.674251234,54.33541626,2006.652174,38,207.1845656,47.67547642
339,2.622608809,SAP176,2.646789307,54.47504308,2016.875,38,203.4050377,47.80663305
340,2.221593743,SAP177,3.62973361,45.54478964,1265.725,59,156.1865851,36.20865444
341,2.706027422,SAP177,2.875951908,45.76966927,1235.947368,60,144.3249162,35.1116633
342,2.929010463,SAP178,3.133198831,49.55343163,1552.16,36,177.7649414,41.08432495
343,2.862821498,SAP178,3.067174326,49.44897894,1544.68,37,177.0526972,40.97491736
344,2.415663083,SAP179,4.079979357,43.96073115,1123.880952,127,149.0123361,33.44620878
345,2.283624748,SAP179,3.975355438,43.98843364,1127.190476,131,146.6948952,33.52227776
346,4.118003446,SAP180,5.193772908,52.59449924,1751.909091,69,310.478137,42.66508383
347,4.099298815,SAP180,5.183609507,52.69242591,1756.772727,73,309.3029453,42.68680253
348,2.824387781,SAP181,2.94252635,40.82400211,1158.384615,43,162.4331997,36.4835495
349,2.813371912,SAP181,2.938092515,40.87059209,1161.74359,43,162.4220078,36.53652708
350,3.57043105,SAP182,2.509491762,49.64109344,1639.5,34,198.8364906,42.77804181
351,3.609443604,SAP182,2.701480322,49.8440241,1686.043478,46,208.587481,43.58374566
352,2.534772103,SAP183,3.418842765,49.46883544,1596.208333,42,171.782561,41.6420711
353,2.539711649,SAP183,3.359643798,49.46522044,1593.5,43,169.6245855,41.60172786
354,3.215517892,SAP184,3.433332883,44.16919534,1376.888889,62,213.8537633,40.17596063
355,3.262937834,SAP184,3.417065054,44.22411283,1381.148148,62,213.9800447,40.22335934
356,2.472289769,SAP185,2.25428966,50.12191332,1558.434783,55,117.9029911,40.24173855
357,2.45820256,SAP185,2.242725858,50.01817097,1557.26087,52,115.6536123,40.22746155
358,2.065706898,SAP186,2.448040701,46.73101101,1529.023256,70,142.2236183,41.8809606
359,2.011972098,SAP186,2.459957629,46.76714072,1533.325581,70,140.9830471,41.96739786
360,2.672638435,SAP187,2.982811506,49.22657221,1652.8,54,193.8964328,43.05669896
361,2.690840179,SAP187,2.991835907,49.2357587,1655.7,54,194.7576528,43.11106409
362,2.32501589,SAP188,4.336426746,47.79225462,1511.333333,46,151.6568678,41.23528831
363,2.338208338,SAP188,4.291419432,47.78606266,1511.125,47,152.0436649,41.21489505
364,3.174546514,SAP189,2.728197579,47.33811405,1576.72,50,190.3347619,43.00666746
365,3.20182109,SAP189,2.712417418,47.29058127,1571.48,48,190.6481828,42.91842334
366,2.954831086,SAP190,2.253886581,45.70951282,1440.076923,42,168.0784897,40.51584089
367,2.924842074,SAP190,2.300271134,45.64334184,1436.038462,41,167.8207562,40.46137939
368,4.04067873,SAP191,2.640310038,44.39274155,1353.75,50,196.3165492,39.2737441
369,4.045765746,SAP191,2.618983731,44.35670051,1351.5,50,196.3279872,39.24561053
370,2.299866678,SAP192,4.069189321,39.7108055,951.0625,83,135.3114319,30.95901914
371,2.336238511,SAP192,4.042582709,39.95393625,960.78125,87,136.7433121,31.08658906
372,3.48236824,SAP193,3.953984665,49.04639786,1571.615385,57,239.0064494,41.06779197
373,3.436233399,SAP193,3.907945857,49.12558145,1576.038462,57,236.5195521,41.14524764
374,3.329223354,SAP194,3.283539026,43.85338456,1265.258065,35,186.9671297,37.31717421
375,3.325966607,SAP194,3.311293861,43.71085942,1253.709677,34,185.8652293,37.1209816
376,3.488854156,SAP195,3.655843922,44.57583989,1260.565217,61,190.7276287,36.25163542
377,3.377498982,SAP195,3.554876153,44.87986262,1275.04,67,184.3740719,36.47534984
378,2.274250575,SAP196,3.23426682,51.26902026,1585.076923,44,155.9856806,39.6955185
379,2.31772809,SAP196,3.361949329,51.05932996,1572.625,44,160.0754542,39.55363591
380,4.188084833,SAP197,4.539581838,42.66410151,1004.675,96,223.2223541,30.3721954
381,2.811102038,SAP197,3.598793661,41.34006071,922.7647059,124,124.7824127,28.89082924
382,3.723594924,SAP198,2.868341655,49.92255542,1610.4,39,205.813605,41.70750108
383,3.727236733,SAP198,2.812798545,49.73816326,1604.533333,39,205.724692,41.57763568
384,3.473817037,SAP199,2.554337323,50.05149369,1556.695652,58,184.8358696,40.01544381
385,3.43825838,SAP199,2.642523839,50.1557196,1559.782609,58,185.4911123,40.10506314
386,4.54918289,SAP200,4.14252539,49.51094261,1568.625,66,310.2299299,41.74549678
387,4.53361584,SAP200,4.184155813,49.53773895,1573.03125,65,309.5572932,41.9443838
388,2.937695239,SAP201,3.425985007,40.06004477,1014.774194,90,152.2815113,32.47219154
389,2.915096473,SAP201,3.441194003,40.17346564,1017.645161,89,151.5412322,32.46260488
390,2.275963048,SAP202,5.075378683,38.47804015,809.9148936,53,157.090004,27.27379617
391,2.378935624,SAP202,5.094090974,38.48109574,806.25,151,156.6549419,27.19493581
392,2.425025998,SAP203,4.222040542,42.43553633,915.9038462,141,103.5270793,28.5647156
393,2.409851931,SAP203,4.044442982,42.2938006,912.2181818,142,100.2536222,28.48290409
394,3.660338556,SAP204,2.645270396,48.96814623,1619.6,48,214.7182805,42.5847537
395,3.701244611,SAP204,2.687577305,49.00841125,1621.65,48,216.9933812,42.59896119
396,2.332300193,SAP205,3.359064046,44.62886415,1330.863636,38,144.9031951,38.24361484
397,2.323420309,SAP205,3.336475358,44.68012732,1332.090909,40,145.0519998,38.23087668
398,3.109332699,SAP206,5.187492565,46.80146967,1170.4,89,201.2601302,32.53863865
399,3.000036113,SAP206,4.910163253,46.52177751,1164.6,95,202.0823842,32.37594777
400,2.239494219,SAP207,2.415823486,35.69752791,828.4318182,126,98.6866938,29.95223853
401,2.201361744,SAP207,3.191179213,36.0706891,832.7954545,125,97.16026581,30.03843719
402,2.524923474,SAP208,3.528084055,47.20326913,1433.818182,74,176.6981598,39.22419448
403,2.529495181,SAP208,3.515497334,47.27678812,1438.454545,74,175.4373049,39.28429677
404,3.079277293,SAP209,2.831673177,46.56841253,1486.137931,57,213.8523055,41.62580272
405,3.077027259,SAP209,2.808178086,46.58389802,1488.965517,58,214.9040656,41.68619536
406,3.030146898,SAP210,3.889691297,47.88586268,1594.727273,44,219.383264,43.01505859
407,3.111210615,SAP210,3.786220285,47.85173156,1584.666667,44,217.1154967,42.77880265
408,2.641312702,SAP211,5.681819752,55.43072784,2075.708333,30,202.4266285,49.26374291
409,2.757513173,SAP211,3.007285712,54.50217237,2085.391304,31,209.554961,49.46474658
410,3.484832906,SAP212,3.253040592,45.18727471,1359.129032,78,186.777553,38.85654066
411,3.382687263,SAP212,3.320615064,45.51025003,1363.967742,76,185.6099768,38.8869994
412,2.825593036,SAP213,3.458992864,51.4378943,1799.16129,46,193.2382946,45.19405387
413,2.798848307,SAP213,3.407225908,51.47101985,1804.064516,46,192.6444051,45.26200719
414,3.008693296,SAP214,3.564016068,48.82931502,1528.244898,86,191.2394087,40.70017681
415,3.015395856,SAP214,3.607196678,48.747791,1522.918367,83,192.8557499,40.60484035
416,2.822829414,SAP215,4.710498495,47.02251464,1443.619048,26,213.5537127,39.9001393
417,2.679550877,SAP215,4.204835838,46.78573295,1445.666667,26,211.9030176,39.89123785
418,2.223208686,SAP216,3.716512932,44.83193979,1409.0,46,179.3141254,40.44543414
419,2.891552571,SAP217,4.265088901,40.39383877,895.3,120,150.7587808,28.9229963
420,2.731986697,SAP218,3.326748532,43.95223771,1248.515152,104,150.9804565,36.96026677
421,2.739782383,SAP218,3.552980468,44.5324598,1252.277778,103,144.2585663,37.06927935
422,2.675580837,SAP219,3.525324463,43.22496729,1199.029412,51,156.6535115,35.65471083
423,2.704012979,SAP219,3.586469026,43.23886622,1201.470588,53,158.0255443,35.7293614
424,3.332547581,SAP220,3.155445936,46.35354465,1412.37037,81,203.7136967,39.49774686
425,3.180147951,SAP220,3.144869292,45.97101964,1397.032258,80,195.2061745,39.42174599
426,3.769686845,SAP221,4.114619479,53.88313458,2030.722222,58,292.234553,48.5323128
427,3.813995333,SAP221,4.115886395,53.82422479,2029.657143,59,294.3995286,48.55730785
428,4.567303532,SAP222,4.342582577,54.92268531,2105.0,36,338.4549863,49.28250621
429,5.01201884,SAP222,5.069731898,54.44578739,2077.964286,38,376.575024,48.96531365
430,3.376197009,SAP223,2.977047787,51.91305428,1810.96,56,243.1476062,45.75859176
431,3.325738707,SAP223,2.888318707,51.91344899,1817.846154,62,237.6985312,45.80001789
432,2.35108604,SAP224,2.681862512,45.23740963,1425.585366,66,150.5030549,40.43388638
433,2.357370716,SAP224,2.688717739,45.20093367,1422.146341,66,151.1159401,40.36536501
434,3.974399796,SAP225,3.374402018,43.985958,1217.107143,106,179.9955038,36.66093174
435,3.763818714,SAP225,3.750048317,44.65005475,1216.407407,104,175.9432272,36.33663116
436,3.730329729,SAP226,3.124818937,50.44768662,1830.0,38,248.8247933,46.47953877
437,4.142717006,SAP226,3.996148719,51.35413344,1783.444444,26,288.8762177,44.62708
438,3.673455859,SAP227,3.063155446,52.0443729,1765.833333,51,226.9099797,44.61492267
439,3.711337557,SAP227,3.307690321,52.08771976,1760.958333,50,230.6500739,44.55783786
440,3.909483491,SAP228,5.050737088,50.96877197,1764.307692,48,313.6977685,44.31505718
441,3.878061301,SAP228,5.024502361,50.84918734,1754.384615,48,310.8593643,44.19795048
442,2.264817165,SAP229,3.193418422,44.08266518,1201.5,59,104.913655,35.18897659
443,2.276259704,SAP229,3.174060336,44.17897666,1202.1875,59,104.7617647,35.1400801
444,2.02773047,SAP230,3.235285052,47.33038354,1401.684211,49,137.576793,38.44390855
445,2.034831668,SAP230,3.17588347,47.40699364,1406.210526,52,136.7585575,38.47930338
446,0.8919644431,SAP231,3.965343937,47.64415767,1124.0,58,45.0,31.56752122
447,3.357533391,SAP231,5.262123301,49.57645754,1321.0,57,230.2031711,34.81543773
448,4.204295473,SAP232,3.698228451,52.60643557,1800.761905,39,263.4519753,43.96393383
449,2.700816983,SAP233,3.197019168,48.82050376,1632.2,53,195.4346268,43.37868806
450,2.716823451,SAP233,3.222842638,48.7511846,1627.8,52,195.7539953,43.34102976
451,2.540731815,SAP234,3.060123169,41.51962518,1151.179487,93,149.8681252,35.68131991
452,2.534154163,SAP234,3.06160107,41.56226975,1150.307692,91,149.8455878,35.67936756
453,3.881793164,SAP235,3.931364235,45.33610766,1359.342105,64,247.3630697,38.53370881
454,3.887452598,SAP235,3.929551698,45.25996336,1355.552632,63,246.836692,38.49545854
455,4.254233252,SAP236,3.347028051,44.4051448,1395.0625,59,240.029287,40.42268629
456,4.511143051,SAP237,3.43344901,47.92635363,1531.333333,27,247.6897701,41.46005676
457,4.499900525,SAP237,3.349964452,47.83211226,1526.208333,27,246.2833698,41.40299069
458,3.460927498,SAP238,3.106179771,44.82505152,1354.757576,44,201.2154025,39.30850965
459,3.486484125,SAP238,3.060249117,44.7652901,1350.606061,44,200.5218857,39.28045033
460,2.790122995,SAP239,2.894832234,46.34132071,1367.621622,87,170.8616243,38.80768319
461,2.906081085,SAP239,3.054028615,46.3399927,1370.108108,88,171.4177423,38.83847288
462,3.497481592,SAP240,3.663930515,39.65936457,1072.653061,72,185.4472312,34.69841367
463,3.474959581,SAP240,3.689005686,39.71642547,1075.612245,73,185.9721085,34.74591287
464,2.344560518,SAP241,3.657659819,51.17659931,1689.230769,45,176.4893345,42.90437596
465,2.495555137,SAP241,3.72544207,50.81291073,1661.571429,44,190.0119223,42.62373338
466,3.027367907,SAP242,3.7118014,43.99582154,1295.151515,36,200.0375906,37.88227798
467,3.029968461,SAP242,3.763206397,43.94487192,1294.090909,36,201.4540121,37.89013015
468,2.915987871,SAP243,3.055629556,47.98845933,1594.478261,69,216.7179834,43.28298827
469,3.025686008,SAP243,5.033674764,48.85794693,1596.32,68,230.0401217,43.3304358
470,2.645329389,SAP244,2.257121928,49.29120536,1696.241379,42,158.1574194,44.38441751
471,2.726525485,SAP244,2.307050155,49.22253177,1692.724138,44,161.4953606,44.37926695
472,2.640923831,SAP245,2.742367365,42.63334743,1168.5,97,135.5616916,35.17341231
473,2.588746868,SAP245,2.876859973,42.70680381,1172.941176,97,140.2304702,35.36107289
474,3.347320795,SAP246,3.189562564,46.89614007,1371.818182,51,182.1968557,37.42210879
475,3.267074099,SAP246,3.243522748,46.85648691,1369.181818,50,181.7597406,37.40666972
476,3.696080587,SAP247,4.237237596,45.51905028,1322.75,42,236.1174987,37.09179206
477,3.660907906,SAP247,4.114998625,45.39973638,1316.689655,39,231.8450885,37.01981201
478,3.77049032,SAP248,2.96470014,49.51992265,1634.235294,38,219.7026144,42.37618325
479,3.7828164,SAP248,2.946087735,49.59198682,1638.941176,38,218.2344855,42.43976676
480,2.964562099,SAP249,3.011800194,44.04672262,1326.23913,51,178.4019868,39.03371471
481,2.971997634,SAP249,2.97009702,44.07587118,1329.326087,51,178.498941,39.10675807
482,2.9620761,SAP250,2.83835184,46.75262566,1436.9375,55,176.3327709,39.75274274
483,3.072515271,SAP250,2.769875966,46.60699012,1437.903226,56,182.5428549,39.83217594
484,2.665572989,SAP251,3.27810397,43.40494652,1315.846154,61,170.9058128,38.84305964
485,2.646206311,SAP251,3.302519931,43.48491612,1320.131579,60,172.539114,38.91840145
486,3.852603451,SAP252,3.702984104,54.10558142,2038.214286,36,272.3641676,48.24674848
487,4.074524756,SAP252,3.953936791,53.70263871,2005.275862,36,291.0328689,47.80775981
488,2.599205806,SAP253,3.065966643,44.15079976,1393.145833,64,179.3722839,40.57889552
489,2.634548914,SAP253,4.122772253,44.63958279,1402.313725,65,182.0742674,40.68817629
490,2.875166571,SAP254,2.929933981,50.8520317,1759.774194,70,200.8504033,45.05685595
491,2.873583554,SAP254,3.017755877,50.85857275,1763.580645,70,201.5792127,45.15374336
492,2.983175926,SAP255,3.005409272,47.33335683,1446.709677,66,167.9850595,39.96116115
493,3.140979893,SAP255,3.009633003,47.47436978,1451.548387,66,169.7567213,40.04328644
494,4.002190196,SAP256,3.763951536,42.23862057,1190.707317,75,242.7706178,36.567227
495,3.996241192,SAP256,3.775113181,42.04853553,1180.097561,73,242.830846,36.43086974
496,3.347083953,SAP257,2.905402899,44.12428411,1353.205882,47,194.9350992,39.37835794
497,3.333229775,SAP257,2.875123956,44.10910223,1353.205882,47,193.3754014,39.39028615
498,3.380093478,SAP258,3.359697981,43.77835126,1246.95122,89,207.8609938,37.71098622
499,3.424106019,SAP258,3.249549964,43.64683661,1246.190476,90,209.4824959,37.78092222
500,3.036870435,SAP259,3.19284785,42.91563589,1278.930233,75,189.1061466,38.58778488
501,3.04656128,SAP259,3.186318801,42.81272273,1273.930233,72,188.2464238,38.56968181
502,2.373755743,SAP260,2.207027267,52.52165966,1930.521739,52,155.4409911,47.3811611
503,2.393156917,SAP260,2.202320284,52.49786387,1925.608696,54,156.4493915,47.28930648
504,3.295092304,SAP261,2.994973766,51.53568134,1830.588235,71,205.1655168,46.15478925
505,3.289374807,SAP261,2.965102622,51.37049129,1836.5625,71,211.1865197,46.40691133
506,2.199281923,SAP262,2.860546056,50.98121464,1724.757576,61,163.5346373,43.96157962
507,2.217232289,SAP262,2.829225221,51.03377675,1730.914286,61,164.9334708,44.06084386
508,4.143172022,SAP262,4.480563974,44.93335189,1405.393939,81,265.2470477,39.92384162
509,3.288274682,SAP263,3.967968477,48.31060636,1570.685714,51,229.4751492,42.50236012
510,3.310757167,SAP263,3.939062324,48.37933111,1575.914286,51,228.7098438,42.56593773
511,3.223641689,SAP265,4.76809838,48.36962197,1213.125,97,185.0529907,32.86803613
512,3.227781693,SAP265,3.806832642,47.71487283,1210.09375,92,186.3974851,32.7691539
513,2.54448125,SAP266,3.332972415,46.10498337,1044.585366,101,144.5858637,29.14557909
514,3.015932319,SAP266,3.616601985,46.28937956,1046.738095,100,147.732232,29.35796518
515,2.163331386,SAP267,1.641997187,55.86751521,2200.3125,48,136.1078243,51.1508178
516,2.169610174,SAP267,1.615675044,55.9466067,2205.90625,49,135.3124531,51.17096076
517,3.166044663,SAP268,4.158627748,50.9353956,1635.603448,84,228.3662319,41.71248838
518,3.145985217,SAP268,4.316874985,50.71862188,1624.4,83,233.1095022,41.60717901
519,2.207881319,SAP269,3.217320816,42.93738828,1110.219512,48,144.1757925,33.18490868
520,2.190371551,SAP269,3.23370164,42.849377,1107.292683,48,145.7967586,33.14311149
521,4.235079943,SAP270,5.478345689,68.32966029,2841.307692,41,385.3046516,55.43084168
522,4.1805439,SAP270,5.440707591,68.13260272,2826.444444,42,381.946703,55.25319533
523,3.979939415,SAP271,4.994526168,46.15440779,1027.83871,99,203.8913526,28.99820029
524,3.885225208,SAP271,5.105103815,45.81749295,1020.142857,100,204.8816234,28.94991434
525,3.039786905,SAP272,4.810702288,42.27127947,1074.108108,96,156.6363983,33.70729101
526,2.654198159,SAP272,4.160802142,42.11164631,1083.027027,98,158.8190346,33.69376046
527,2.509025677,SAP273,3.132686404,48.99732697,1266.416667,78,132.826929,33.7642625
528,2.464687265,SAP273,2.829658928,48.77244083,1265.347826,83,132.2098492,33.70485976
529,2.520080581,SAP274,3.236641582,44.0522162,1064.177778,105,127.0038125,31.30719811
530,2.538773916,SAP274,3.251741194,44.16115857,1063.319149,106,124.6020229,31.26708554
531,3.55972892,SAP276,3.600665398,49.30808121,1670.851852,57,230.1425812,43.60713974
532,3.678475463,SAP276,3.489465548,49.09597759,1671.0,57,236.2531237,43.69026085
533,4.25620155,SAP277,3.027479823,47.90398261,1567.307692,49,259.9444866,42.66103466
534,4.299920812,SAP277,2.992485588,47.87990428,1564.384615,48,260.0703667,42.60771721
535,2.803703587,SAP278,2.420151537,47.74730817,1566.0,63,159.9649352,42.25054515
536,2.749144595,SAP279,2.924325155,44.03516694,1326.16129,43,165.5941593,38.967514
537,2.760991205,SAP279,2.938584476,43.99112756,1323.193548,43,164.7096016,38.91807707
538,3.836661916,SAP280,4.991452361,43.91088954,987.1,21,120.126142,31.07362624
539,3.545475689,SAP280,4.171433687,42.55812345,984.1818182,23,115.2963125,30.89613079
540,3.521107538,SAP281,2.810132966,46.5793727,1220.44,50,180.8621752,34.14498016
541,3.517075809,SAP281,2.816224633,46.71185162,1226.84,50,180.3637835,34.25650861
542,3.907871314,SAP282,4.226294365,48.02847878,1443.390244,61,238.888879,39.34262368
543,3.896823096,SAP282,4.158538442,47.93092503,1438.170732,59,236.306426,39.30339446
544,3.794319926,SAP283,4.617980978,41.34464482,1150.62069,86,231.7337077,35.70649259
545,3.835259494,SAP283,4.657990257,41.23330067,1146.275862,84,231.2390756,35.64524428
546,3.637512826,SAP284,3.114350233,49.04059562,1600.0625,45,228.6341151,42.07170491
547,3.639797942,SAP284,3.077362177,49.15436469,1605.875,43,228.5403069,42.12308104
548,2.755601654,SAP285,3.443411356,46.42720933,1292.611111,68,155.1311771,35.87400695
549,2.793726562,SAP285,2.418084926,47.71287641,1561.780488,63,160.1990396,42.16344148
550,2.891047461,SAP286,2.398544987,51.77515179,1841.514286,52,178.051577,45.73849256
551,2.900736999,SAP286,2.431277384,51.71543388,1834.485714,52,179.1043385,45.59127195
552,2.903789851,SAP287,3.005211688,46.52435311,1480.115385,31,171.4506717,41.44803296
553,2.89745184,SAP287,3.132107687,46.58116659,1482.035714,31,180.0451297,41.44851221
554,2.815578079,SAP288,3.284691462,48.33105983,1627.857143,40,201.3454236,43.31233739
555,2.82504531,SAP288,3.396007175,48.55602639,1637.178571,43,201.7252469,43.45595137
556,2.430871077,SAP289,2.541426845,47.27835342,1562.6875,43,154.3529716,42.46016555
557,2.422118893,SAP289,2.60149529,47.17917328,1557.25,42,154.4900887,42.36609574
558,4.5253091,SAP290,3.999253932,46.64055926,1489.555556,21,262.8553092,40.72309922
559,4.549565332,SAP290,3.977031609,46.59978222,1485.777778,21,262.810146,40.67305587
560,3.187213041,SAP291,4.007993453,53.31593839,1759.2,34,196.899873,42.55898457
561,3.167458214,SAP291,3.361970535,54.71430597,1833.551724,52,196.5303497,43.16294416
562,2.833392614,SAP292,7.332315141,48.79024867,1179.679245,85,181.2667974,32.19706695
563,2.452094853,SAP292,7.601020552,48.79168629,1177.185185,89,177.8120183,32.07891265
564,3.153884442,SAP293,3.154769489,55.66828538,2096.52381,43,250.6343607,49.20859713
565,3.101019312,SAP293,3.1434306,55.67713238,2104.761905,43,247.7221763,49.327242
566,2.509097793,SAP294,1.887389037,52.59549174,1900.631579,32,151.1824309,46.46565461
567,2.58367165,SAP294,1.89458937,52.64518081,1904.789474,32,154.8107772,46.53233867
568,3.954922867,SAP295,4.253011332,45.2831617,1443.97561,66,253.5231252,40.86114816
569,4.051282132,SAP295,4.209671068,45.31395358,1440.860465,66,253.0625974,40.76430232
570,2.576626007,SAP296,3.404914227,46.61451864,1390.933333,66,159.259732,38.67648165
571,3.302153342,SAP297,3.103325902,47.57582299,1587.724138,46,210.7983015,42.89050085
572,3.229179053,SAP297,2.92801298,47.62375868,1593.407407,50,200.1407392,43.05624603
573,4.094642246,SAP298,4.451215865,45.15443717,1432.038462,38,264.122128,40.51353296
574,4.121848488,SAP298,4.424745184,45.22571542,1437.692308,38,265.4137219,40.60780915
575,2.283976594,SAP299,3.034308116,43.17238124,1299.75,64,163.4484246,38.72489234
576,2.29396901,SAP299,3.007714476,43.2485499,1305.4,64,164.0391417,38.83177264
577,3.782226305,SAP300,3.68977216,48.04850159,1451.382353,59,225.6325767,38.82806753
578,3.791278956,SAP300,3.732599122,48.01919885,1451.088235,59,225.5996412,38.84236128
579,3.009447118,SAP301,2.48178848,43.59692579,1354.5,57,161.0407557,39.97225888
580,3.031792215,SAP301,2.454258423,43.66132574,1359.4375,57,161.254639,40.04703872
581,2.94174256,SAP302,3.289371733,52.14007602,1782.84,30,203.0624889,44.04802679
582,2.917191473,SAP302,3.287398142,52.08022129,1777.2,30,201.643051,43.97735392
583,3.574543581,SAP303,3.924885823,49.98646971,1632.375,64,236.277699,42.17623958
584,3.545111277,SAP303,4.045165421,50.09079649,1626.130435,65,239.4993518,42.04495942
585,3.364665611,SAP304,3.079766946,46.17703693,1485.190476,45,211.3704982,41.26135446
586,3.402422691,SAP304,3.155432593,46.16531855,1480.571429,45,214.3089829,41.15469519
587,3.305323428,SAP305,2.302864577,54.82644675,2119.4,36,211.5344889,49.80023625
588,3.303088426,SAP305,2.274759704,54.93732273,2128.566667,37,210.4705337,49.88543439
589,3.44625956,SAP306,2.486095917,46.97082235,1489.90625,59,179.2165867,40.76501986
590,3.446575665,SAP306,2.499133778,46.8868543,1485.25,59,178.314154,40.71580019
591,3.341558847,SAP307,3.191358942,43.02177554,1247.605263,54,193.8392632,37.45174735
592,3.299500935,SAP307,3.230151011,43.10072065,1253.710526,60,194.2561938,37.55001935
593,4.047374062,SAP308,2.941771097,47.89251247,1542.735294,51,217.6614085,41.35805296
594,3.566460904,SAP308,2.793483212,47.76911956,1525.848485,55,183.8362449,41.06384115
595,2.30254983,SAP309,2.396748689,46.40264592,1535.75,57,146.4144375,42.75653646
596,2.361269545,SAP309,2.379402669,46.44268628,1540.071429,57,147.7601649,42.81992063
597,3.15251941,SAP310,2.730436684,51.13967624,1625.897436,44,165.9792688,40.84810304
598,3.100123722,SAP310,2.772019478,51.08151871,1620.051282,44,166.3655149,40.75279835
599,2.853247147,SAP311,3.16866361,53.55572236,2028.846154,42,219.6134177,49.18482093
600,2.781767026,SAP311,3.152070459,53.48869326,2023.576923,42,219.9215198,48.98303221
601,3.272936314,SAP312,3.446697616,51.96762489,1944.380952,39,245.2764186,47.93097029
602,3.24295052,SAP312,3.426399804,51.93733446,1941.047619,39,243.3215541,47.90890015
603,2.777880167,SAP313,2.812638502,48.30219172,1587.305556,54,166.1802601,42.23475179
604,2.761254743,SAP313,2.802889524,48.24809385,1583.888889,54,165.9040516,42.20559001
605,2.937278456,SAP314,2.61237895,54.57809187,1958.375,40,202.5885223,45.89338352
606,2.951678511,SAP314,2.611431374,54.51024322,1948.3125,37,201.7819735,45.72842847
607,2.333866615,SAP315,1.654884558,51.76838909,1894.821429,41,140.1649675,46.98564857
608,2.347282876,SAP315,1.648969854,51.85007803,1902.535714,42,140.8315818,47.09791999
609,4.88566653,SAP317,3.21230617,50.18283445,1715.906977,59,278.1613898,43.85357519
610,4.898179084,SAP317,3.229583204,50.22624789,1718.511628,60,278.931964,43.88271173
611,3.357083303,SAP318,3.812472229,53.25891973,1874.487179,54,238.9156993,45.36075118
612,3.383307069,SAP318,5.921651392,53.99978052,1884.925,54,241.4315004,45.5162049
613,5.407056828,SAP319,2.914208291,52.89044959,1913.740741,48,296.1501862,46.91855592
614,5.389964588,SAP319,2.859032475,52.87785121,1907.185185,48,294.3136444,46.83142235
615,3.800261121,SAP320,4.271020635,48.30708597,1515.111111,48,260.7733986,40.37203783
616,3.778545436,SAP320,4.2956432,48.39112899,1521.711111,48,259.4305407,40.42111252
617,2.707944751,SAP321,2.145178533,59.26498058,2337.323529,50,162.2995996,50.83363348
618,2.660304511,SAP321,2.202043244,59.18626628,2322.59375,50,162.4730476,50.59218671
619,3.535352859,SAP322,3.292940271,45.58854629,1464.486486,42,218.6326824,41.6323163
620,3.531824976,SAP322,3.298910217,45.63099278,1466.594595,42,219.6015384,41.649714
621,2.952998158,SAP323,4.554727176,44.90928028,1301.243243,80,183.9724429,37.62890941
622,2.998443432,SAP323,4.607872493,44.94497108,1305.378378,82,184.2859634,37.71865639
623,3.148370377,SAP324,1.996589486,52.18662506,1908.884615,36,178.031831,46.98521014
624,3.129101816,SAP324,2.04642898,52.2584826,1915.807692,36,179.7915501,47.10458513
625,3.86874324,SAP325,3.944002799,42.32165075,1196.257143,55,229.6122623,36.23093287
626,3.667210101,SAP325,3.855146752,42.23753617,1184.848485,56,218.3022816,36.00569685
627,3.265873473,SAP326,2.892085673,51.97039365,1788.2,45,216.8503632,44.23323747
628,3.263062197,SAP326,2.893340224,52.00901884,1789.6,45,214.6595444,44.23556793
629,3.156723537,SAP327,2.752319651,48.68437189,1611.416667,58,187.9876437,42.69839041
630,3.203705335,SAP327,2.716211437,48.60996035,1605.777778,59,187.4652725,42.60969172
631,2.246440888,SAP328,2.199775156,52.162014,1789.309524,59,145.0962715,44.14956859
632,2.210817709,SAP328,2.238899215,52.07181777,1782.675,58,146.8406258,44.04358991
633,3.295280724,SAP329,2.815702217,46.49621139,1472.296296,74,194.4842781,40.75098186
634,3.276149736,SAP329,2.809511699,46.42075217,1468.314815,74,193.0668493,40.71272065
635,4.373726392,SAP330,4.307778577,49.90721073,1585.972973,58,231.9230402,41.3204426
636,4.120577449,SAP330,3.265894204,49.59274019,1586.189189,58,226.9917057,41.22959047
637,4.034615696,SAP331,4.786964739,52.29028022,1608.047619,27,207.7197004,40.11967025
638,3.348045992,SAP331,4.74123811,52.38596537,1617.047619,30,206.6396625,40.086035
639,2.949983096,SAP332,5.793750644,51.39570986,1734.942857,63,175.3805565,44.2035478
640,3.854648401,SAP332,5.340935483,50.95310228,1714.777778,64,220.6376002,43.80471489
641,2.808952145,SAP333,2.521372385,50.78496862,1770.884615,48,174.6165749,45.11768018
642,2.752205678,SAP333,2.519938697,50.66341027,1761.64,52,169.1044364,45.02642542
643,3.547724731,SAP334,3.246075938,50.58677951,1717.023256,67,223.8427073,44.06752688
644,3.603449887,SAP334,3.190373773,50.64566497,1723.534884,69,225.3324519,44.16164726
645,3.664185972,SAP335,3.294495664,49.55793553,1675.769231,60,215.2437451,43.50790803
646,3.668388858,SAP335,3.303753039,49.49261022,1670.487179,60,216.3698012,43.41744057
647,3.953181409,SAP336,4.62913745,58.30341258,2024.142857,26,297.5217136,44.43732881
648,3.933970524,SAP336,4.647458042,58.34910197,2028.047619,26,298.1468919,44.48524774
649,3.615491221,SAP337,4.443401645,47.87353098,1284.111111,88,182.0507832,35.29809308
650,3.58124278,SAP337,4.22917633,47.80670265,1281.029412,87,171.6414672,35.2149538
651,3.69436085,SAP338,5.0322587,48.39104503,1459.176471,79,254.796282,38.97427281
652,3.695344304,SAP338,4.704060073,48.44255573,1462.428571,77,245.3514431,39.01848703
653,3.653352887,SAP339,3.328779323,46.09983594,1460.192308,50,217.4792685,40.77424876
654,3.737212183,SAP339,3.279574961,46.16409532,1461.384615,50,218.8139492,40.68590498
655,4.932668179,SAP340,4.114962773,51.70111284,1880.84,31,263.2361191,46.95949546
656,5.063524256,SAP340,4.237094674,51.72978991,1882.565217,31,271.9537726,46.9988384
657,4.894747016,SAP341,4.463999749,51.28954034,1800.038462,44,340.9407213,45.67329497
658,4.982195017,SAP341,4.566853636,51.59294188,1826.37037,44,349.1081917,46.00590961
659,2.847327044,SAP342,3.608600219,55.71762256,2140.545455,39,235.4679533,49.86432194
660,2.809208144,SAP342,3.632419433,55.6078491,2133.954545,38,232.4981871,49.82262667
661,2.800727401,SAP343,3.888120106,53.6030476,1920.411765,40,226.3201945,46.4131316
662,2.914696548,SAP343,3.84030358,53.51074786,1913.823529,40,228.3944563,46.39472564
663,4.601911162,SAP344,4.902287069,43.01359204,1247.209302,64,293.9230684,36.89759022
664,4.587635957,SAP344,4.906960039,43.00179336,1244.418605,64,292.3804651,36.83277228
665,4.169948949,SAP345,4.37939151,48.68646,1588.65,50,281.1101697,41.98537451
666,4.198113269,SAP345,4.411720822,48.67231841,1600.047619,51,279.7923509,42.34195742
667,4.045866817,SAP346,3.514752567,46.24751867,1385.342857,71,234.541491,39.74072792
668,3.976113243,SAP346,3.406415173,46.22104817,1381.75,71,211.359012,39.55509224
669,3.766012532,SAP347,4.011077917,54.00374957,1929.925,73,268.4512421,46.05295826
670,3.747510117,SAP347,4.001648638,54.05115793,1934.95,73,269.8901582,46.12343974
671,3.336761211,SAP348,2.921119807,53.68444926,1900.210526,48,233.871665,46.6639204
672,3.397769741,SAP348,2.82671142,53.75547968,1906.944444,48,237.843079,46.74221173
673,3.638707072,SAP349,4.545896615,52.79150469,1762.151515,47,264.3987027,43.28554118
674,3.393260926,SAP349,3.89440313,53.62242167,1773.933333,54,214.3161113,43.16330349
675,3.19144605,SAP350,2.871057737,51.54599008,1789.425,67,198.5936665,44.76483787
676,3.233045918,SAP350,2.844965877,51.44506587,1785.125,66,198.475211,44.73800103
677,3.945625638,SAP351,3.373911752,52.27427179,1816.837209,54,227.2343253,44.92446781
678,3.974051362,SAP351,3.35855843,52.23493402,1813.813953,54,226.5176471,44.8802291
679,2.860278383,SAP352,2.914711218,51.36059318,1596.290323,60,157.7521931,40.07445781
680,2.889123393,SAP352,2.970517759,51.29135883,1592.258065,60,158.858421,40.03553773
681,2.327032302,SAP353,4.387218744,45.5469777,1216.685714,72,140.1655697,34.79369819
682,2.3345402,SAP353,4.00335664,45.40524804,1210.972222,70,139.2063788,34.66392292
683,3.839738742,SAP354,3.572594381,49.66499769,1595.5625,52,202.0519638,41.34413383
684,3.827920826,SAP354,3.598026142,49.61138794,1592.84375,52,203.4010984,41.32874204
685,2.236672482,SAP355,3.064045205,47.49114652,1328.28125,84,131.1562128,35.92053662
686,2.232764034,SAP355,3.031348395,47.51075971,1329.875,84,129.9756588,35.90147606
687,2.247968165,SAP356,4.040247145,39.80708341,946.7317073,94,141.4710217,30.86600378
688,2.344574841,SAP356,3.800607248,39.53803594,943.0,93,141.5923382,30.76814166
689,3.482302017,SAP357,4.306282655,50.24372507,1662.419355,55,259.1618966,42.99295923
690,3.477279321,SAP357,4.362868502,50.33887037,1669.741935,56,260.4709095,43.09586002
691,3.721574626,SAP358,2.892954097,54.37152565,2073.586207,46,229.650787,49.34490299
692,3.699952924,SAP358,2.892675937,54.3522235,2073.172414,46,230.4215131,49.35313402
693,2.72846578,SAP359,2.881602587,46.98956306,1556.571429,56,166.430186,42.52044618
694,2.653302858,SAP359,3.532932697,47.4724637,1561.52381,56,167.0171417,42.55696125
695,3.151756901,SAP360,2.799587932,51.96376186,1891.73913,67,220.7022817,46.68965398
696,3.073728897,SAP360,2.895417929,51.89694967,1899.136364,68,222.3899719,46.8869006
697,4.223490188,SAP361,3.13399575,47.60560929,1543.214286,67,230.8540598,41.70357981
698,4.276974919,SAP361,3.154661916,47.65252973,1545.880952,69,234.3417531,41.7381294
699,4.206982133,SAP362,4.42289195,45.00500803,1411.060606,77,265.6380471,40.0241905
700,2.41043199,SAP363,2.434033793,49.48793357,1663.758621,64,145.8224369,43.25990972
701,2.454586428,SAP363,2.39482539,49.58971381,1669.103448,66,146.4264779,43.31957093
702,2.518591127,SAP364,2.859351053,51.60984297,1560.758621,48,159.3858158,38.94138787
703,2.539346753,SAP364,2.878651675,51.49639846,1556.896552,49,158.9969301,38.92507768
704,3.551792936,SAP365,3.312432602,48.33869527,1563.666667,60,192.7072622,42.21810819
705,3.526695245,SAP365,3.306304628,48.37438797,1568.0,59,191.4533886,42.33004071
706,4.189822549,SAP366,3.841803673,48.73322406,1564.0,69,223.5173371,42.20736767
707,4.23153741,SAP366,4.026363371,48.50523731,1559.09375,69,233.0148009,42.24629775
708,3.917135508,SAP367,4.085452508,50.60940661,1444.473684,58,210.7196612,36.85073794
709,3.860684618,SAP367,4.108891512,50.57510176,1440.307692,59,208.4438255,36.79956981
710,4.197063433,SAP368,3.882278889,50.90335483,1689.729167,62,294.9853626,43.26146961
711,4.192764006,SAP368,3.888837169,50.80225114,1684.895833,62,295.0486711,43.25793817
712,4.68493222,SAP369,5.263242166,55.87470395,2056.12,43,377.0208822,47.88850977
713,3.940094504,SAP370,3.187778192,54.55062889,2010.641509,73,273.4071602,48.33583644
714,3.806382801,SAP370,3.187391128,54.68214024,2013.528302,73,262.6213002,48.32650149
715,2.258986501,SAP371,2.179267911,47.03559318,1559.117647,56,130.0951608,42.60457997
716,2.264700861,SAP371,2.133947003,46.81980922,1551.2,56,136.1517291,42.59260744
717,2.952725463,SAP372,3.241331369,54.32081322,1912.433333,49,203.4629669,45.28021545
718,2.908345519,SAP372,3.251638094,53.98423405,1897.78125,49,199.2730122,45.24761931
719,2.870194434,SAP373,4.680403287,54.83659673,1903.292683,65,235.7610659,44.9301219
720,2.724843966,SAP373,4.143112697,54.56467828,1904.976744,66,231.6738373,44.9852142
721,2.926690981,SAP374,2.809176948,43.87031271,1351.928571,71,177.1729573,39.63126424
722,2.902001236,SAP374,2.817073347,43.92087756,1355.333333,71,175.9033375,39.66654362
723,3.063508483,SAP375,2.592634823,51.47976318,1719.851852,53,203.3524042,43.83255553
724,3.089543402,SAP375,2.609037473,51.39100768,1714.62963,53,202.8159443,43.74750595
725,3.708581153,SAP376,3.017065867,40.61795492,1110.511111,72,183.4477973,35.33470768
726,3.711561249,SAP376,3.041047616,40.68533744,1112.866667,72,184.1173056,35.35788618
727,4.620770969,SAP377,5.030285418,50.53863057,1592.15,64,288.2625149,40.69251463
728,4.614273296,SAP377,4.974325176,50.44161127,1586.868421,65,285.0504268,40.6150821
729,3.232344563,SAP379,3.021526022,39.78159851,1011.295455,73,167.3720107,32.84440265
730,3.24537689,SAP379,3.024308671,39.87215064,1015.409091,75,166.3716156,32.95155785
731,3.136081191,SAP380,3.657826752,54.19301063,1751.59375,43,210.6574321,42.43762231
732,3.195141426,SAP380,3.7999694,54.10214089,1743.7,43,213.3899638,42.37734574
733,3.110986299,SAP381,3.149876196,52.61558536,1894.638889,54,205.1762322,46.56081467
734,3.132139785,SAP381,3.095991445,52.66994714,1896.083333,54,202.8474214,46.576639
735,3.149675707,SAP382,3.166397345,45.41540039,1397.580645,53,189.9975847,39.34016642
736,3.118036193,SAP382,3.104725281,45.41014014,1403.354839,54,188.6147376,39.4795359
737,2.557299171,SAP383,2.642185465,36.3848754,889.9361702,101,120.3575178,31.75244504
738,2.283072311,SAP383,2.594648498,36.45805329,890.6222222,100,115.4587543,31.77632274
739,3.107123895,SAP384,4.185135072,43.61772388,1040.611111,92,151.5444461,31.22737824
740,3.363070739,SAP384,4.499154816,43.80028611,1045.152542,91,159.264923,31.36547851
741,3.060506571,SAP385,3.19047516,40.54091307,1115.333333,65,168.7073253,35.5580339
742,3.004313855,SAP385,3.34183993,40.42649599,1110.181818,65,170.4309075,35.45657482
743,4.531977456,SAP386,4.040621256,47.78408771,1631.655172,41,299.954626,43.67314768
744,4.554540183,SAP386,4.031829872,47.70817717,1626.275862,41,299.4646829,43.61607988
745,2.098292437,SAP387,2.739293005,49.9616444,1674.852941,52,137.5551509,43.23653165
746,2.102569791,SAP387,2.791528369,49.87251098,1666.3125,52,141.4859616,43.06732121
747,2.454706052,SAP388,2.686828205,41.23004868,1025.688889,49,119.236613,31.94854868
748,2.459826889,SAP388,2.693134605,41.23812029,1025.244444,49,119.9522415,31.92323151
749,3.912755607,SAP389,3.568842128,44.03777597,1211.933333,54,204.2151806,35.54282398
750,3.936110548,SAP389,3.66546794,43.83859531,1205.444444,54,204.4192376,35.50425675
751,3.093199471,SAP390,3.040704807,56.79479058,2141.607143,31,235.3787737,49.03288267
752,3.101764919,SAP390,2.997223616,56.73149039,2134.714286,31,236.6538849,48.94130676
753,3.724418605,SAP391,3.225487312,51.83938427,1760.47619,86,210.7945556,44.15576514
754,4.396982497,SAP391,3.487820773,51.50382557,1735.65,89,250.8594776,43.61560537
755,3.398119759,SAP392,2.195686696,52.98638436,1944.8,61,212.3969061,47.47459976
756,3.365979139,SAP392,2.218969572,53.02222272,1948.885714,59,211.506943,47.52647525
757,2.740506407,SAP394,3.174999279,48.57551931,1465.69697,58,163.9479749,39.4319514
758,2.41801031,SAP394,2.895201048,48.3927089,1474.609756,65,135.4803339,39.47260234
759,2.86034162,SAP395,2.276080978,50.72745504,1830.615385,56,178.448817,46.24712729
760,2.838051547,SAP395,2.277692419,50.76454763,1833.282051,57,176.6292581,46.28703636
761,3.283299436,SAP396,3.396837109,50.97016426,1757.242424,57,214.1864142,44.71647868
762,3.315721826,SAP396,3.314298306,51.15281927,1769.571429,56,214.8650454,44.8111087
763,3.066821287,SAP397,3.469286863,46.07686394,1335.931818,82,176.9498385,37.6854111
764,3.010236714,SAP397,3.223488797,45.88875741,1331.795455,80,174.7251842,37.58385464
765,2.590242747,SAP398,3.718171164,50.85531649,1696.617647,77,206.184243,43.16570806
766,2.596239587,SAP398,3.770512105,50.97508288,1703.941176,78,204.9616809,43.24835674
767,2.722905103,BTX623,2.891303234,47.77750325,1612.4,55,187.2379829,43.47003945
768,2.750525324,BTX623,2.854510289,47.84634802,1615.431818,55,187.7094464,43.48482788
