,sample,r,g,b,closest color
0,SAP1,177.1136168,146.541062,130.603466,chalky white
1,SAP1,176.8989452,146.2074586,130.2111907,chalky white
2,SAP2,140.08046,94.87857407,90.22827953,light brown
3,SAP2,139.319698,94.01037684,89.22490829,light brown
4,SAP3,169.067009,131.8964074,110.9051017,yellow
5,SAP3,168.8638085,131.4986103,110.4002744,yellow
6,SAP7,175.7829404,143.8757638,130.274484,cream
7,SAP7,176.1312847,144.275859,130.6889322,cream
8,SAP8,168.7658772,140.6292218,131.3614696,cream
9,SAP8,168.6127764,140.4364627,131.0888931,cream
10,SAP9,165.2088674,133.1913257,121.1311893,cream
11,SAP9,165.4700068,133.5206474,121.516952,cream
12,SAP10,159.9020247,112.4187656,97.00277872,yellow
13,SAP10,160.2032058,112.8894253,97.58159781,yellow
14,SAP11,184.6921346,152.335164,134.1899254,pearl
15,SAP11,184.6882246,152.3897136,134.369652,pearl
16,SAP12,162.8316647,110.8530129,94.63540834,yellow
17,SAP12,162.879198,111.3564013,95.22776932,yellow
18,SAP13,136.775171,81.85343344,72.3484126,red
19,SAP13,137.4520798,82.61863303,73.15449319,red
20,SAP14,178.8970656,153.1646177,140.3618475,pearl
21,SAP14,178.6500815,152.8094532,139.92278,pearl
22,SAP15,152.7117944,97.3221217,88.8975321,light brown
23,SAP15,152.0177196,96.55343668,88.04937521,light brown
24,SAP16,161.1608953,101.2772843,91.91366848,light brown
25,SAP16,161.5630321,101.7212964,92.14797439,light brown
26,SAP17,142.6943468,89.68602886,76.18862954,red
27,SAP17,141.8360071,88.72489536,75.08671829,red
28,SAP18,182.6934979,152.5365158,135.2282627,pearl
29,SAP18,183.26228,153.4297486,136.4025984,pearl
30,SAP19,149.263625,93.25888295,78.1030544,red
31,SAP19,148.8942259,92.65079649,77.27562575,red
32,SAP20,120.4367674,73.26967956,62.96623414,dark brown
33,SAP20,119.8688242,72.85856875,62.68904556,dark brown
34,SAP21,175.2324259,144.7245189,133.384737,chalky white
35,SAP21,175.4990686,145.0930018,133.8551065,chalky white
36,SAP22,161.4000741,101.7329556,91.60620315,light brown
37,SAP22,161.3063877,101.5193401,91.26738965,light brown
38,SAP23,149.370558,94.76278994,81.87944058,light brown
39,SAP23,149.3858126,95.01345444,82.3654892,light brown
40,SAP24,176.1463514,146.320747,130.0617959,chalky white
41,SAP24,176.8813909,147.3669359,131.3405972,chalky white
42,SAP25,162.4166549,109.7735266,93.6363437,yellow
43,SAP25,162.7669064,110.2778826,94.33081293,yellow
44,SAP26,118.547537,64.30976252,58.13635117,dark brown
45,SAP26,118.0880509,63.73281237,57.38467455,dark brown
46,SAP27,165.7192836,108.3188157,94.61484112,yellow
47,SAP27,165.9373935,108.7717754,95.17550204,yellow
48,SAP28,172.8345808,142.3469281,129.3964594,cream
49,SAP28,172.4846837,142.0314727,129.095579,cream
50,SAP29,107.2206893,61.56761333,61.1150417,dark brown
51,SAP29,106.6513745,60.69829803,60.10313813,dark brown
52,SAP30,181.2745582,145.3803079,132.5247873,chalky white
53,SAP30,181.3010067,145.4088209,132.503455,chalky white
54,SAP31,137.5774524,83.85943422,70.6695635,red
55,SAP31,137.3005404,83.26578419,69.90021585,red
56,SAP32,170.395924,139.3828465,124.9334184,cream
57,SAP32,170.7514479,139.8015078,125.4703608,cream
58,SAP33,128.6853276,79.2793612,67.08531349,dark brown
59,SAP33,126.0145449,78.61572634,68.0368904,dark brown
60,SAP34,168.4842119,117.1807527,104.9516411,yellow
61,SAP34,168.3441349,116.8112756,104.4595887,yellow
62,SAP35,186.9428229,156.9543393,138.987178,white
63,SAP35,186.7511429,156.5150655,138.3756332,white
64,SAP36,137.9803204,89.90743385,80.57327888,red
65,SAP36,137.4169964,89.31875633,79.68276736,red
66,SAP37,179.173047,158.0502095,146.5539885,white
67,SAP37,179.3392338,158.304817,146.849399,white
68,SAP38,129.2072024,82.24015122,68.86157508,dark brown
69,SAP38,129.6001266,82.88992602,69.60458013,dark brown
70,SAP39,109.0413293,67.65726128,56.6709197,dark brown
71,SAP39,109.5502153,68.40215339,57.67939712,dark brown
72,SAP40,169.9046308,137.6261048,123.7522746,cream
73,SAP40,170.290211,138.1763089,124.3591526,cream
74,SAP41,147.5356464,95.61502881,82.22547409,light brown
75,SAP41,146.811803,94.65935206,81.18351525,light brown
76,SAP42,183.1597058,155.6580735,143.6226775,pearl
77,SAP42,182.9612972,155.3446985,143.3394142,pearl
78,SAP43,165.9721716,138.4517764,133.5042909,cream
79,SAP43,165.2974142,137.7139837,132.8140317,cream
80,SAP44,131.4612175,79.369139,70.15312419,dark brown
81,SAP44,131.995343,80.04416714,71.01995496,dark brown
82,SAP45,161.7076976,119.7746683,94.42247283,yellow
83,SAP45,161.3929459,119.3278336,93.93601499,yellow
84,SAP46,176.4136118,147.1445723,133.4793795,chalky white
85,SAP46,176.7587657,147.5912084,133.8829201,chalky white
86,SAP47,172.5232718,141.9811358,125.2556203,cream
87,SAP47,173.0445458,142.5685688,125.8392658,cream
88,SAP48,150.0855149,87.52443193,76.95553761,red
89,SAP48,150.5565427,88.17066433,77.77509173,red
90,SAP49,152.0201332,110.4305224,86.49752614,light brown
91,SAP49,151.1958547,109.5950726,85.39348428,light brown
92,SAP50,118.690453,70.51797366,68.15712838,dark brown
93,SAP50,117.8990985,69.55648885,67.02525688,dark brown
94,SAP51,153.2951035,106.5016037,82.68360973,light brown
95,SAP51,153.0613733,106.0760299,81.97483227,light brown
96,SAP52,157.5231293,132.017177,122.8084872,cream
97,SAP52,155.3364509,130.0097595,120.9333023,yellow
98,SAP53,179.6436416,155.0439702,143.4374586,pearl
99,SAP53,180.2080772,155.6410427,144.0698297,pearl
100,SAP54,165.2991724,135.339336,123.5782491,cream
101,SAP54,165.0669004,135.0011974,123.1229862,cream
102,SAP55,163.7608679,117.2706131,93.77854131,yellow
103,SAP55,163.9875731,117.6808292,94.49852536,yellow
104,SAP56,159.9978664,127.4542186,108.8020022,yellow
105,SAP56,160.5730024,128.2002311,109.6849766,yellow
106,SAP57,136.8817741,76.57854826,64.20344814,dark brown
107,SAP57,137.2279598,77.14359902,64.95285675,dark brown
108,SAP58,176.0822423,144.7419799,131.2335382,chalky white
109,SAP58,175.4345876,144.0273501,130.4687046,cream
110,SAP59,164.9770205,131.9663067,116.8816203,cream
111,SAP59,165.5228963,132.6584039,117.6623078,cream
112,SAP60,167.1137553,141.5799602,130.8836228,cream
113,SAP61,166.9244617,126.2022687,99.75968349,yellow
114,SAP61,166.9174951,126.3016103,99.98759238,yellow
115,SAP62,152.861744,88.16144371,78.40701563,red
116,SAP62,151.8718243,87.17116474,77.12486205,red
117,SAP63,131.9092697,70.7377608,61.06253542,dark brown
118,SAP63,132.1849332,71.31475736,61.82593115,dark brown
119,SAP64,150.1149532,95.58914306,78.20923188,light brown
120,SAP64,149.800205,95.0835012,77.40089753,red
121,SAP65,159.3663558,119.7966349,106.4214029,yellow
122,SAP66,175.2163707,146.9027066,133.4215619,chalky white
123,SAP66,175.0019148,146.557706,133.0407962,chalky white
124,SAP67,159.1416857,121.6532396,107.8859115,yellow
125,SAP67,159.3790769,122.1482123,108.5294991,yellow
126,SAP68,142.9468803,98.97908538,93.51200885,light brown
127,SAP68,142.4411834,98.30438262,92.78310614,light brown
128,SAP69,177.0502962,148.3531547,134.9186499,chalky white
129,SAP69,177.2618282,148.6250776,135.2885605,chalky white
130,SAP70,171.2070615,139.2734014,125.2791267,cream
131,SAP70,171.6750287,139.7387432,125.6668702,cream
132,SAP71,169.2438999,127.3486438,97.27942321,yellow
133,SAP71,169.029972,126.8858683,96.55764473,yellow
134,SAP72,121.0505441,70.18936876,63.71457476,dark brown
135,SAP72,121.4564087,70.91197462,64.56043969,dark brown
136,SAP73,188.3868564,160.6180429,145.4699548,white
137,SAP73,187.46711,159.3075171,144.0426807,white
138,SAP74,123.3308924,73.26830795,67.07100509,dark brown
139,SAP74,123.654015,72.74744419,65.98648421,dark brown
140,SAP75,133.9042157,72.13521704,63.47340356,dark brown
141,SAP75,134.1199973,73.31663282,64.14951559,dark brown
142,SAP76,177.4700256,145.3374657,128.9558237,cream
143,SAP76,177.7203418,145.695257,129.4387234,cream
144,SAP77,121.0948405,75.23388246,68.26530538,dark brown
145,SAP77,120.6591739,74.77032165,67.73226547,dark brown
146,SAP78,175.5924944,151.8590755,143.6822233,pearl
147,SAP78,175.8185585,152.2041189,144.0918973,pearl
148,SAP79,177.288298,148.3737901,133.452687,chalky white
149,SAP79,177.7557712,148.8851216,133.9322854,chalky white
150,SAP80,183.7217884,157.3119442,141.0790631,white
151,SAP80,183.8460056,157.4828605,141.3359936,white
152,SAP81,174.0782339,143.8418045,127.5178472,cream
153,SAP81,173.8062206,143.5053158,127.1251811,cream
154,SAP82,196.1048672,176.716901,166.5484342,white
155,SAP82,195.8245911,176.6433572,166.6569179,white
156,SAP83,187.0242395,163.430939,149.9764035,white
157,SAP83,187.2224497,163.7003475,150.2681574,white
158,SAP84,184.1351597,154.1493891,138.8691283,pearl
159,SAP84,184.5000226,154.5504642,139.3325308,pearl
160,SAP85,186.5838808,162.0208357,148.2437332,white
161,SAP85,186.2942303,161.6997078,147.7788652,white
162,SAP86,171.2495737,137.9694362,122.0835175,cream
163,SAP86,172.0438008,138.7110632,122.8231299,cream
164,SAP87,175.8272647,142.5276814,125.8715284,cream
165,SAP87,175.79527,142.6050308,126.0110802,cream
166,SAP88,187.6541522,161.8306912,147.9656804,white
167,SAP88,187.3776504,161.4719545,147.5818378,white
168,SAP89,166.6358162,135.6548475,119.7935258,cream
169,SAP89,166.3085456,135.2360243,119.2090276,cream
170,SAP90,158.1743971,91.63219258,81.39738983,light brown
171,SAP90,157.8497789,91.02942493,80.65426238,light brown
172,SAP91,150.3751449,84.32227174,71.54546294,red
173,SAP91,151.2950934,85.68083956,72.61891808,red
174,SAP92,164.9070341,123.5568328,99.65365078,yellow
175,SAP92,165.2271503,124.0919867,100.4113227,yellow
176,SAP93,163.5506208,123.8768459,99.12025621,yellow
177,SAP93,163.9370847,124.3534692,99.82703474,yellow
178,SAP94,163.2313221,119.3522252,106.3999759,yellow
179,SAP94,163.0646944,119.1021346,106.0849176,yellow
180,SAP95,123.2039707,70.09958627,61.76851102,dark brown
181,SAP95,123.6977143,70.93128868,62.89782792,dark brown
182,SAP96,145.4049746,102.2858076,88.6341736,light brown
183,SAP96,144.9023865,101.4723634,87.72457807,light brown
184,SAP97,177.4477072,148.6187536,135.4882639,chalky white
185,SAP97,177.0536656,148.1990771,135.114874,chalky white
186,SAP98,149.1972049,113.3919062,107.3173928,yellow
187,SAP98,148.7559173,112.8693949,106.7355937,yellow
188,SAP99,102.6195509,60.11033181,62.39105768,dark brown
189,SAP99,102.9877436,60.67473545,62.97421901,dark brown
190,SAP100,184.4614375,162.6817798,153.6820692,white
191,SAP100,184.7108976,162.9348599,154.0330982,white
192,SAP101,165.7434941,136.4024563,123.51458,cream
193,SAP101,165.6717018,136.335076,123.4023656,cream
194,SAP102,107.9214136,64.85421293,62.74758841,dark brown
195,SAP102,107.4473192,64.08109118,61.77551596,dark brown
196,SAP103,157.1417866,112.8695317,98.26256288,yellow
197,SAP103,157.5441128,113.3795084,98.93780955,yellow
198,SAP104,119.016462,72.46596696,65.37057794,dark brown
199,SAP104,119.8574099,72.06863494,64.57770222,dark brown
200,SAP105,120.716652,77.47881336,66.84917362,dark brown
201,SAP105,120.4046543,76.84910716,66.02602557,dark brown
202,SAP106,147.0284638,95.49999585,73.83676937,red
203,SAP106,147.716404,96.35728997,74.99556604,red
204,SAP107,121.2563841,68.77602648,66.10930801,dark brown
205,SAP107,121.5755093,69.27258929,66.79043779,dark brown
206,SAP108,149.5387626,95.75433878,86.88408349,light brown
207,SAP108,148.8783346,94.94730206,86.00387235,light brown
208,SAP109,133.0643875,80.19970835,66.86403356,dark brown
209,SAP109,133.4415752,80.70839656,67.53563622,dark brown
210,SAP110,184.3638084,154.3440167,140.6448194,pearl
211,SAP110,184.0294877,154.0910744,140.5574158,pearl
212,SAP111,183.3796223,158.7288048,146.7096288,white
213,SAP111,183.1814766,158.4722219,146.3342054,white
214,SAP112,170.425172,135.3986618,116.009354,cream
215,SAP112,170.4432662,135.328785,115.7172434,cream
216,SAP113,188.634804,167.4673163,158.7846594,white
217,SAP113,188.7715443,167.638238,159.0267206,white
218,SAP114,146.5792769,89.91280051,79.41579632,red
219,SAP114,146.2070962,89.38200166,78.75911935,red
220,SAP115,118.7767729,72.28422825,67.03587003,dark brown
221,SAP115,119.5479026,73.47977388,68.79213012,dark brown
222,SAP116,142.5980046,85.45690235,70.73012886,red
223,SAP116,143.0566833,86.14769136,71.43832188,red
224,SAP117,123.6924853,71.50078456,67.3628764,dark brown
225,SAP117,123.6306009,71.69948057,67.62819992,dark brown
226,SAP118,149.784619,96.55085102,79.1737716,light brown
227,SAP118,149.415208,96.09957035,78.51091245,light brown
228,SAP119,149.8821712,91.68910388,81.32402973,red
229,SAP119,150.2020207,92.16798946,81.85811146,red
230,SAP120,169.5037587,137.4300489,121.5069474,cream
231,SAP120,169.8292179,137.830539,121.9711854,cream
232,SAP121,118.5313654,69.26666571,66.35665845,dark brown
233,SAP121,119.3186099,69.32172376,66.3862298,dark brown
234,SAP122,169.5182118,137.5433287,121.5883044,cream
235,SAP122,169.7433768,137.9024883,122.1888058,cream
236,SAP123,177.8539585,147.8083073,135.7931733,chalky white
237,SAP123,177.430974,147.3190262,135.2408878,chalky white
238,SAP124,165.5799716,118.5107419,100.3964301,yellow
239,SAP124,165.2918726,118.0380479,99.81142328,yellow
240,SAP125,136.9883,84.87839921,78.13874103,red
241,SAP125,137.4135102,85.47707244,78.85581799,red
242,SAP126,181.7211734,154.0268486,140.9611176,pearl
243,SAP126,181.4825925,153.7302517,140.5685312,pearl
244,SAP127,175.6915648,145.2538621,132.6349144,chalky white
245,SAP127,175.310019,144.4334509,131.8781209,chalky white
246,SAP128,154.8822203,100.9881584,83.00746776,light brown
247,SAP128,155.5683047,101.8222364,83.96002123,light brown
248,SAP129,158.3345376,110.0178325,91.19825349,light brown
249,SAP129,158.6931011,110.5158671,91.7705013,light brown
250,SAP130,147.1215832,88.1050762,76.07114049,red
251,SAP130,146.7253892,87.40488059,75.22385854,red
252,SAP131,170.6202638,139.2884759,122.5738207,cream
253,SAP131,170.2848733,138.8410026,122.0827247,cream
254,SAP132,156.9016287,116.1316873,90.83725938,yellow
255,SAP132,157.2528756,116.6667047,91.39482126,yellow
256,SAP133,158.6751464,107.8876521,86.43204661,light brown
257,SAP133,159.0110669,108.4796821,87.20238527,light brown
258,SAP134,191.4261255,171.45055,161.5403936,white
259,SAP134,191.6703817,171.711296,161.907982,white
260,SAP135,136.472507,81.18812166,65.8157008,dark brown
261,SAP135,135.8891241,80.41982395,64.93150567,dark brown
262,SAP136,170.5071076,131.6389114,87.77706508,yellow
263,SAP136,170.8206698,132.1103075,88.46159409,yellow
264,SAP137,179.1519381,149.9059673,134.6089927,chalky white
265,SAP137,179.1075896,149.9747771,134.8012051,chalky white
266,SAP138,167.7608743,136.4421445,122.4317104,cream
267,SAP138,167.4863872,136.069865,121.9340316,cream
268,SAP139,165.8562624,122.2041088,100.5999021,yellow
269,SAP139,165.6176012,121.8619513,100.0252978,yellow
270,SAP140,177.5276647,145.8982246,131.7372012,chalky white
271,SAP140,177.0636122,145.5389144,131.3612329,chalky white
272,SAP141,139.7060774,63.50999848,61.13102177,dark brown
273,SAP141,140.0351585,64.20800792,61.86317656,dark brown
274,SAP142,181.9978072,158.6715061,148.3664746,white
275,SAP142,181.824768,158.4638876,148.0641908,white
276,SAP143,153.2319463,82.28655822,73.60070198,red
277,SAP143,152.7817605,81.62933528,72.82776037,red
278,SAP144,171.4523246,126.5414671,114.052888,yellow
279,SAP144,172.4758247,127.5096408,115.0564378,yellow
280,SAP145,160.1037047,92.35258098,80.63479099,light brown
281,SAP145,159.6170214,91.15860625,79.21392336,light brown
282,SAP146,169.9987285,128.71574,103.9687218,yellow
283,SAP146,170.0755627,128.6556378,103.6789493,yellow
284,SAP147,181.4905453,154.6905904,142.3046028,pearl
285,SAP147,181.2346039,154.368852,141.8958616,pearl
286,SAP148,168.0884736,128.078541,106.2164856,yellow
287,SAP148,168.3467865,128.4607439,106.7336048,yellow
288,SAP149,157.038994,116.6784482,96.2898098,yellow
289,SAP149,156.8050491,116.1702568,95.71027738,yellow
290,SAP150,136.5796847,79.96766105,70.11660306,red
291,SAP150,136.8394307,80.31929445,70.50654031,red
292,SAP151,174.4569652,137.8350254,124.4130081,cream
293,SAP151,174.7689399,138.2593473,124.9120782,cream
294,SAP152,164.9683321,129.7535145,117.7190395,yellow
295,SAP152,164.6850173,129.35767,117.2949504,yellow
296,SAP153,167.2568645,118.6165223,97.62724057,yellow
297,SAP153,166.7303799,117.4874902,96.15882541,yellow
298,SAP154,157.1616271,106.7163904,89.63070765,light brown
299,SAP154,156.8891062,106.2419159,88.99051645,light brown
300,SAP155,176.6687551,134.6540486,117.0177918,cream
301,SAP155,176.9581493,135.0655206,117.5563011,cream
302,SAP156,165.7247166,125.803495,107.4613406,yellow
303,SAP156,165.9693549,126.0814572,107.9515427,yellow
304,SAP157,154.6378091,101.9396768,80.05810054,light brown
305,SAP157,154.3356605,101.4085301,79.28970291,light brown
306,SAP158,137.7198046,83.5419726,69.46902915,red
307,SAP158,138.5715415,84.22566312,70.2908022,red
308,SAP159,175.9887596,146.3849224,131.8555737,chalky white
309,SAP159,175.9687057,146.4418994,132.0038336,chalky white
310,SAP161,119.2230437,65.4698648,61.86679033,dark brown
311,SAP162,119.5419076,69.93746722,60.8795781,dark brown
312,SAP162,119.8677322,70.62231136,61.82559924,dark brown
313,SAP163,117.1921168,70.94368669,63.47277816,dark brown
314,SAP163,116.8937455,72.19854085,65.82566443,dark brown
315,SAP164,114.8774907,65.76792959,60.86145417,dark brown
316,SAP164,113.9129686,64.55287485,59.59409981,dark brown
317,SAP165,147.1793561,91.48238514,82.06352145,red
318,SAP165,146.877599,90.8257053,81.30241587,red
319,SAP166,151.1643075,92.73285225,83.32416255,light brown
320,SAP166,151.5740896,93.10881867,83.80014592,light brown
321,SAP167,167.3069439,130.3886343,96.2949799,yellow
322,SAP167,167.9270725,131.1706986,96.90471894,yellow
323,SAP168,174.8859051,139.6010236,120.8008415,cream
324,SAP168,174.5770981,139.1486984,120.2679825,cream
325,SAP169,165.6046676,129.7400306,109.2647456,yellow
326,SAP169,165.1007531,129.0638805,108.7757762,yellow
327,SAP170,156.8437662,110.6593237,90.3123715,light brown
328,SAP170,157.7288748,111.5295326,91.24793619,light brown
329,SAP171,152.6930343,102.5522354,93.61065661,light brown
330,SAP171,153.4005881,103.3760025,94.46458122,light brown
331,SAP172,122.5559995,73.20757802,70.46451502,dark brown
332,SAP172,121.6965018,71.9479043,69.46528807,dark brown
333,SAP173,160.5681694,95.4041978,85.98698766,light brown
334,SAP173,159.9785916,94.71309881,85.1704591,light brown
335,SAP174,115.3345153,70.70558014,68.53430179,dark brown
336,SAP174,114.590469,70.01038003,67.88086386,dark brown
337,SAP175,113.4868491,73.37182534,69.80278816,dark brown
338,SAP176,169.5674991,138.2088159,122.6165851,cream
339,SAP176,169.3254479,138.0257089,122.4515958,cream
340,SAP177,182.8865561,149.9416372,133.4989011,chalky white
341,SAP177,184.9299704,152.5699442,137.3434798,pearl
342,SAP178,151.461556,102.0834043,71.16106676,light brown
343,SAP178,151.79508,102.5152976,71.7432439,light brown
344,SAP179,113.0878842,68.79271474,65.2773759,dark brown
345,SAP179,112.6368355,68.07041527,64.37648429,dark brown
346,SAP180,149.8873875,86.93668846,70.71968694,red
347,SAP180,149.6402602,86.55479335,70.2387619,red
348,SAP181,185.6202788,156.9110672,140.7510457,white
349,SAP181,185.3100469,156.5258631,140.2949962,white
350,SAP182,155.478266,105.1834866,92.50194518,light brown
351,SAP182,153.4216751,102.5746184,89.56601018,light brown
352,SAP183,183.2745981,155.9965772,140.6323016,pearl
353,SAP183,183.3357656,156.3294061,141.2485921,pearl
354,SAP184,162.3523832,133.6192825,113.1523304,yellow
355,SAP184,162.0454425,133.1398446,112.5411502,yellow
356,SAP185,166.356956,131.3847269,117.714059,cream
357,SAP185,166.5126904,131.5938428,118.0738561,cream
358,SAP186,174.3577987,147.5435938,132.3042212,chalky white
359,SAP186,174.125128,147.2355843,131.9294928,chalky white
360,SAP187,177.3093995,150.8807654,136.4760673,chalky white
361,SAP187,177.0143,150.4849375,135.9232893,chalky white
362,SAP188,184.6741617,155.5354665,139.5365662,pearl
363,SAP188,184.741124,155.682967,139.7513467,pearl
364,SAP189,160.9790629,100.0381416,88.29683988,light brown
365,SAP189,160.7184661,99.20706586,87.49900268,light brown
366,SAP190,166.2239462,103.6521175,91.22594289,light brown
367,SAP190,166.5059428,104.1882101,91.9113381,light brown
368,SAP191,182.2992351,151.8185569,135.0196288,chalky white
369,SAP191,182.5168845,152.0659878,135.3976466,pearl
370,SAP192,128.6255209,70.96697417,62.66437356,dark brown
371,SAP192,127.7659742,70.10985235,61.65446099,dark brown
372,SAP193,138.0867065,83.30478317,72.58586137,red
373,SAP193,137.6217233,82.65510832,71.87915292,red
374,SAP194,174.6376588,143.6434395,128.2078847,cream
375,SAP194,175.2858169,144.4477861,129.0130654,cream
376,SAP195,135.7857226,81.80099562,71.90298142,red
377,SAP195,134.8870242,80.3336778,70.28688198,dark brown
378,SAP196,171.0103785,134.5435052,116.2508292,cream
379,SAP196,171.4350591,135.1430937,117.1294771,cream
380,SAP197,123.7715944,71.21683584,57.95138729,dark brown
381,SAP197,124.2099697,71.5880699,58.51262874,dark brown
382,SAP198,188.729472,159.8981254,144.0440533,white
383,SAP198,189.0881058,160.2682936,144.4817613,white
384,SAP199,133.98819,75.30617953,66.48213151,dark brown
385,SAP199,133.612909,74.60305512,65.60647382,dark brown
386,SAP200,162.6619547,121.985592,102.986823,yellow
387,SAP200,162.3774386,121.5054843,102.3899799,yellow
388,SAP201,160.4303086,119.5556148,106.8542472,yellow
389,SAP201,159.9651601,118.7911851,106.1018248,yellow
390,SAP202,111.8233799,61.64422117,54.67855883,dark brown
391,SAP202,112.1542537,62.25531929,55.5263851,dark brown
392,SAP203,116.5760664,69.72195599,64.95953398,dark brown
393,SAP203,116.9453352,70.48989827,66.06137597,dark brown
394,SAP204,180.7922601,145.9531469,130.9461871,chalky white
395,SAP204,180.6242973,145.5957001,130.5242795,chalky white
396,SAP205,193.2737766,174.3203762,166.197936,white
397,SAP205,193.2067007,174.2762703,166.0391925,white
398,SAP206,125.0897672,70.2641213,61.55071069,dark brown
399,SAP206,125.5917146,70.84225059,62.28758593,dark brown
400,SAP207,137.7156576,83.79877619,63.62069849,red
401,SAP207,137.2125568,83.15688425,62.79818518,dark brown
402,SAP208,176.5963943,149.2431782,136.69693,chalky white
403,SAP208,176.3019219,148.9148883,136.3004402,chalky white
404,SAP209,155.9606984,113.5229671,87.20321045,light brown
405,SAP209,155.7071652,113.0735049,86.59825793,light brown
406,SAP210,181.3640587,152.2830758,134.8575208,chalky white
407,SAP210,181.1079111,151.9426448,134.5745085,chalky white
408,SAP211,175.3181487,147.6306199,134.9713428,chalky white
409,SAP211,174.8466429,147.033053,134.1949526,chalky white
410,SAP212,144.6058633,100.6156976,79.4111549,light brown
411,SAP212,144.247391,100.1248532,78.70402087,light brown
412,SAP213,189.2277597,161.8551973,146.8558989,white
413,SAP213,189.0041253,161.5463182,146.4718379,white
414,SAP214,137.8361399,87.06671164,71.16588036,red
415,SAP214,138.1393273,87.4769003,71.76298275,red
416,SAP215,187.2403855,165.4795547,157.3446597,white
417,SAP215,187.0131156,165.2051205,157.0346139,white
418,SAP216,161.6375773,125.0522975,98.19407659,yellow
419,SAP217,122.3267046,73.27776591,61.42545721,dark brown
420,SAP218,125.790366,78.29827574,73.80690675,dark brown
421,SAP218,125.5097402,77.16733334,72.57555373,dark brown
422,SAP219,185.1461499,158.448513,145.5642949,white
423,SAP219,184.9871017,158.2376899,145.2936809,white
424,SAP220,133.5460512,82.06936029,69.03010192,dark brown
425,SAP220,133.1302873,81.58837152,69.12990732,dark brown
426,SAP221,171.1485179,138.6435511,128.880577,cream
427,SAP221,170.8773243,137.9932923,128.025268,cream
428,SAP222,174.4002071,141.6558411,126.8204586,cream
429,SAP222,173.5435427,140.5198729,125.4945545,cream
430,SAP223,140.7062833,77.08531326,71.47734506,red
431,SAP223,140.5740522,76.36322336,70.52267974,red
432,SAP224,183.3221012,156.0519532,142.8911701,white
433,SAP224,183.5895886,156.4008821,143.2282671,white
434,SAP225,111.5678327,67.92713771,64.15220616,dark brown
435,SAP225,111.0604103,67.25073317,63.37025327,dark brown
436,SAP226,160.3810477,95.65662501,83.08945311,light brown
437,SAP226,162.2984394,96.92536032,84.60142572,light brown
438,SAP227,144.3262255,98.2260499,75.64951658,light brown
439,SAP227,144.6779015,98.75721743,76.35923073,light brown
440,SAP228,176.2836365,144.9077939,126.9692306,cream
441,SAP228,176.7060265,145.452002,127.5904463,cream
442,SAP229,176.1600319,145.734522,127.920874,cream
443,SAP229,176.1034863,145.632511,127.8220962,cream
444,SAP230,168.2835755,133.5262967,120.0266731,cream
445,SAP230,167.8734014,132.9097505,119.2103033,cream
446,SAP231,141.0355599,91.89703778,83.50976572,red
447,SAP231,152.5965345,111.6825742,104.3936234,yellow
448,SAP232,171.8971659,130.7764725,106.922381,yellow
449,SAP233,171.874426,139.2619492,125.496375,cream
450,SAP233,172.1397893,139.6425542,125.9044914,cream
451,SAP234,143.179907,89.1477875,67.4490388,red
452,SAP234,143.4670395,89.70457938,68.36401986,red
453,SAP235,174.682063,147.3603018,136.0848093,chalky white
454,SAP235,174.9834408,147.7296102,136.6006084,chalky white
455,SAP236,151.5038285,92.71649348,85.11585412,light brown
456,SAP237,161.6958958,120.982945,105.5085844,yellow
457,SAP237,162.0543037,121.3991477,106.2015908,yellow
458,SAP238,149.0965998,94.33812105,77.93517271,red
459,SAP238,149.1355571,94.05645761,77.32745462,red
460,SAP239,123.9583711,71.0436024,64.94995942,dark brown
461,SAP239,123.5776228,70.38762894,64.09090568,dark brown
462,SAP240,170.4330838,138.2166249,119.4684443,cream
463,SAP240,170.2299452,137.8104832,118.9605253,cream
464,SAP241,152.3488824,100.4580114,79.64794357,light brown
465,SAP241,152.1803353,100.5345961,80.28137399,light brown
466,SAP242,183.2595553,155.6537198,140.8032715,pearl
467,SAP242,183.347343,155.7112844,140.7914727,pearl
468,SAP243,132.3762571,85.53526307,80.16813779,red
469,SAP243,132.1667709,85.88757242,80.56532274,red
470,SAP244,174.3535398,138.5441892,116.8781911,cream
471,SAP244,174.6437188,138.8819244,117.4346696,cream
472,SAP245,141.2790055,94.05662224,75.42631945,red
473,SAP245,141.7120287,94.83597575,76.60496783,red
474,SAP246,184.95486,165.6911242,157.3534916,white
475,SAP246,185.1720434,166.2079135,157.9740001,white
476,SAP247,192.786165,171.7307522,161.4227665,white
477,SAP247,193.0200449,172.1083491,161.9506257,white
478,SAP248,183.8732929,157.3472855,143.895662,white
479,SAP248,183.5953482,156.914275,143.5211991,white
480,SAP249,179.5613319,153.352954,142.2522091,pearl
481,SAP249,179.3446203,153.0759754,141.9847028,pearl
482,SAP250,159.7616347,99.97052009,90.58486708,light brown
483,SAP250,159.1389399,99.23945427,89.68702069,light brown
484,SAP251,186.0369197,155.7199977,138.1784169,pearl
485,SAP251,185.7734037,155.4295809,137.9571355,pearl
486,SAP252,196.3456273,167.4251512,149.0055801,white
487,SAP252,196.8851032,167.9404248,149.530877,white
488,SAP253,173.4321445,137.7453655,120.9749109,cream
489,SAP253,173.3399357,137.7846301,121.0075564,cream
490,SAP254,124.2959445,72.29573631,65.07127724,dark brown
491,SAP254,123.9184004,71.57914155,64.17734545,dark brown
492,SAP255,159.578313,128.9842339,117.9132527,yellow
493,SAP255,159.2581122,128.5870093,117.4745824,yellow
494,SAP256,140.4224024,86.219522,71.7295249,red
495,SAP256,141.2444419,87.17102036,72.85608648,red
496,SAP257,173.7187907,137.0108854,119.3518273,cream
497,SAP257,173.7268927,136.9558935,119.1430397,cream
498,SAP258,125.1195045,73.00502905,67.44871172,dark brown
499,SAP258,125.6988313,73.72207379,68.28362038,dark brown
500,SAP259,130.2994373,71.44475952,64.80657813,dark brown
501,SAP259,130.6792275,72.00885437,65.43699424,dark brown
502,SAP260,153.1085886,123.1375625,114.5838354,yellow
503,SAP260,153.4930693,123.5717045,115.1416357,yellow
504,SAP261,176.6647541,144.7195325,131.3648259,chalky white
505,SAP261,176.0896049,144.0611313,130.7486334,cream
506,SAP262,165.8451844,131.3978705,119.1907704,cream
507,SAP262,166.0412912,131.7649457,119.6264307,cream
508,SAP262,165.6839039,110.9652116,98.94895226,yellow
509,SAP263,191.3807339,166.3433299,155.049811,white
510,SAP263,191.0930485,166.0093818,154.7112641,white
511,SAP265,133.4014655,79.83904928,71.97686214,dark brown
512,SAP265,133.1074039,79.17593046,71.07462674,dark brown
513,SAP266,155.4485777,100.3226537,85.09015601,light brown
514,SAP266,155.6207711,100.6910716,85.62523507,light brown
515,SAP267,177.3783409,144.5472117,125.4309763,cream
516,SAP267,177.0807678,144.1432724,124.882759,cream
517,SAP268,139.135395,70.14457667,64.63645809,dark brown
518,SAP268,139.4952651,70.97405208,65.648379,dark brown
519,SAP269,157.9309348,125.6627991,112.1422306,yellow
520,SAP269,158.2098779,125.970634,112.6510031,yellow
521,SAP270,161.6749489,119.8646562,100.1561305,yellow
522,SAP270,162.2962752,120.8228003,101.2956407,yellow
523,SAP271,125.5105513,77.34808398,65.79167742,dark brown
524,SAP271,124.2211775,76.06798807,64.76637422,dark brown
525,SAP272,130.1113499,71.63327326,60.76595758,dark brown
526,SAP272,129.9271316,71.50434178,60.37999162,dark brown
527,SAP273,129.9449773,79.19986949,69.62563477,dark brown
528,SAP273,130.3772945,79.82887234,70.24753687,dark brown
529,SAP274,133.1009055,82.65130654,63.77077347,dark brown
530,SAP274,133.4210694,83.21898014,64.45037807,dark brown
531,SAP276,166.2661839,133.6058242,114.244262,yellow
532,SAP276,165.6353876,132.727333,113.1600823,yellow
533,SAP277,152.1047247,91.42679346,83.13437181,light brown
534,SAP277,152.4085034,92.03191274,83.88229653,light brown
535,SAP278,185.143284,156.667149,140.8118374,white
536,SAP279,178.2184418,146.141095,132.035721,chalky white
537,SAP279,178.3519117,146.4291795,132.4091644,chalky white
538,SAP280,110.188695,62.26560223,58.89991145,dark brown
539,SAP280,109.437878,60.91233351,57.48292888,dark brown
540,SAP281,149.2176385,93.49136934,83.29197918,light brown
541,SAP281,148.7708218,92.93221554,82.56079583,light brown
542,SAP282,149.8922569,90.75711822,81.97770475,red
543,SAP282,150.2034123,91.39107366,82.71892021,red
544,SAP283,138.6089988,87.5150322,75.67943815,red
545,SAP283,138.9881949,88.01566988,76.31800788,red
546,SAP284,165.1397975,131.2747516,115.6464391,yellow
547,SAP284,164.8371242,130.9491199,115.1952229,yellow
548,SAP285,190.1668066,160.8368604,147.0613176,white
549,SAP285,185.3970764,157.0128098,141.1770951,white
550,SAP286,179.7559242,149.4233644,132.1025673,chalky white
551,SAP286,180.059428,149.7520655,132.5425364,chalky white
552,SAP287,170.6451019,136.0526989,119.5833892,cream
553,SAP287,170.4850925,135.7147038,119.3632612,cream
554,SAP288,166.1632213,129.5216878,108.9873468,yellow
555,SAP288,165.8007212,129.2517942,108.6826634,yellow
556,SAP289,171.0874249,138.0951558,119.4076232,cream
557,SAP289,171.3753773,138.5165732,119.9361338,cream
558,SAP290,187.3966243,157.8846302,139.0271984,white
559,SAP290,187.6237428,158.2272767,139.4652521,white
560,SAP291,151.3262784,97.11537774,82.0135707,light brown
561,SAP291,148.2663643,94.5926007,80.57570226,light brown
562,SAP292,129.8529522,76.26561731,69.6686483,dark brown
563,SAP292,129.3581991,75.5192577,68.54984965,dark brown
564,SAP293,168.7065001,141.808392,132.7128077,cream
565,SAP293,168.3997676,141.4457971,132.3173263,cream
566,SAP294,166.6403932,134.6527654,119.3636296,cream
567,SAP294,166.4551914,134.3312818,118.9409947,cream
568,SAP295,190.9241804,159.988637,140.9800507,white
569,SAP295,191.0442568,160.132559,141.1341709,white
570,SAP296,150.772789,94.77543056,79.6847444,light brown
571,SAP297,161.4024767,98.0226328,88.13667686,light brown
572,SAP297,160.499532,97.20264498,87.31781617,light brown
573,SAP298,158.1305321,99.66504035,82.26416196,light brown
574,SAP298,157.931039,99.69599638,82.55201982,light brown
575,SAP299,169.6709452,116.6941925,101.6044438,yellow
576,SAP299,169.3414073,116.2584409,101.1220986,yellow
577,SAP300,186.5399447,156.7816802,138.7854935,white
578,SAP300,186.6043547,156.7050815,138.5719548,white
579,SAP301,170.1664294,138.6819545,122.9807775,cream
580,SAP301,169.8180051,138.2104767,122.469575,cream
581,SAP302,173.0312748,142.0176158,125.3702845,cream
582,SAP302,173.3141304,142.4233728,125.8817955,cream
583,SAP303,147.4818183,88.99265587,72.92649385,red
584,SAP303,147.3474197,88.86251794,73.22015262,red
585,SAP304,172.2643879,145.4895679,132.9390298,chalky white
586,SAP304,172.4285497,145.5947116,132.9545152,chalky white
587,SAP305,165.3714103,124.5826211,101.6561114,yellow
588,SAP305,165.0606356,124.153436,101.1093636,yellow
589,SAP306,151.6924707,98.02856617,84.13148398,light brown
590,SAP306,152.061941,98.57037957,84.8460181,light brown
591,SAP307,155.7870923,112.6659831,86.39482859,light brown
592,SAP307,155.4194553,112.156141,85.69017466,light brown
593,SAP308,167.6476056,111.57085,96.9663139,yellow
594,SAP308,167.3502063,111.3537842,96.5921004,yellow
595,SAP309,171.5174286,142.0173051,126.336857,cream
596,SAP309,171.2365929,141.6837406,125.9099426,cream
597,SAP310,172.1557901,140.9889225,123.6259986,cream
598,SAP310,172.4558774,141.3672401,124.1890628,cream
599,SAP311,171.7893056,111.4230784,97.58021007,yellow
600,SAP311,172.22502,112.1139444,98.34257473,yellow
601,SAP312,179.144088,148.3865601,131.3255333,chalky white
602,SAP312,179.2898415,148.667641,131.6898679,chalky white
603,SAP313,189.3732419,166.63303,159.4937295,white
604,SAP313,189.5777163,166.9364245,159.7763639,white
605,SAP314,175.3146028,146.15795,130.4076627,chalky white
606,SAP314,175.7533504,146.7838566,131.1639694,chalky white
607,SAP315,181.5914618,148.7871594,131.4960619,chalky white
608,SAP315,181.2516217,148.4298569,131.0156635,chalky white
609,SAP317,176.5861915,146.5569543,129.7968253,cream
610,SAP317,176.4941958,146.3129803,129.4708824,cream
611,SAP318,176.9483676,139.3710424,115.6898898,cream
612,SAP318,176.3467079,138.8532992,115.1208581,cream
613,SAP319,169.2881692,110.763789,97.81944069,yellow
614,SAP319,169.6389072,111.2732497,98.39711195,yellow
615,SAP320,179.433703,150.8782703,136.8208769,chalky white
616,SAP320,179.2376439,150.5675954,136.5079057,chalky white
617,SAP321,181.5639686,150.1704953,132.136093,chalky white
618,SAP321,181.8938804,150.5545666,132.5023535,chalky white
619,SAP322,181.1395179,153.7960342,139.3501406,pearl
620,SAP322,180.9828781,153.577556,139.0586886,pearl
621,SAP323,151.248599,94.24554383,78.04644068,light brown
622,SAP323,150.8630196,93.63291008,77.24330913,red
623,SAP324,173.8498809,141.7239,125.7821185,cream
624,SAP324,173.5564634,141.3948944,125.3974009,cream
625,SAP325,192.7887922,168.6073962,155.7657083,white
626,SAP325,192.7305463,168.5818998,155.8199686,white
627,SAP326,185.5229391,156.1267329,143.6441819,white
628,SAP326,185.6424991,156.4143489,143.8781034,white
629,SAP327,189.639587,166.9136205,159.7581745,white
630,SAP327,189.930467,167.2966274,160.1572463,white
631,SAP328,172.8574077,138.3469233,119.4927208,cream
632,SAP328,172.5933748,138.1022386,119.4582082,cream
633,SAP329,186.3087732,154.7520597,136.7220102,pearl
634,SAP329,186.5588419,155.0519689,137.0885059,pearl
635,SAP330,188.2633347,159.1127936,143.3396,white
636,SAP330,188.1384034,158.8595336,143.0157331,white
637,SAP331,173.3490436,145.5022283,130.6332093,cream
638,SAP331,172.8586083,144.9084878,130.037283,cream
639,SAP332,178.5374356,149.4099064,134.8390891,chalky white
640,SAP332,178.1226647,149.1296993,134.6259864,chalky white
641,SAP333,174.7204655,138.0219178,124.2237543,cream
642,SAP333,174.3097793,137.1803551,123.3326082,cream
643,SAP334,175.1364826,141.6732614,127.8245602,cream
644,SAP334,174.7922935,141.3042526,127.3659355,cream
645,SAP335,167.9157205,134.4561569,117.3728902,cream
646,SAP335,168.1521728,134.8128321,117.8651467,cream
647,SAP336,184.970958,155.2808026,139.2159695,pearl
648,SAP336,184.7174885,155.0002672,138.7970697,pearl
649,SAP337,135.3057121,80.58785,71.53890639,red
650,SAP337,135.5309056,80.96325359,72.00947524,red
651,SAP338,140.9968452,86.74580003,76.18447801,red
652,SAP338,141.2634023,87.18898615,76.91549305,red
653,SAP339,177.0757979,145.9522038,128.0323788,cream
654,SAP339,176.9782791,145.7038534,127.6530156,cream
655,SAP340,186.6793145,152.2073889,132.5315921,pearl
656,SAP340,186.1953997,151.9713185,132.5596098,chalky white
657,SAP341,177.8564717,152.3923011,143.5717748,pearl
658,SAP341,177.400771,151.3029426,142.4034892,pearl
659,SAP342,163.2006544,120.4388187,104.5387498,yellow
660,SAP342,163.4315365,120.8271198,104.9838358,yellow
661,SAP343,179.4337409,148.5816097,133.4713486,chalky white
662,SAP343,179.680044,148.9290325,133.8671014,chalky white
663,SAP344,178.3090678,152.7253664,139.1979781,pearl
664,SAP344,178.4642517,152.9625905,139.4968085,pearl
665,SAP345,151.0502834,111.8694549,86.20810572,light brown
666,SAP345,151.9155307,112.6178955,86.23415594,light brown
667,SAP346,154.9443453,119.1840601,113.5446355,yellow
668,SAP346,158.0899202,122.7845489,117.0675378,yellow
669,SAP347,154.9373648,86.93867263,77.0084854,red
670,SAP347,154.6436838,86.41503598,76.41678152,red
671,SAP348,173.6940913,146.8586585,138.2282601,chalky white
672,SAP348,173.293305,146.2531737,137.6409855,chalky white
673,SAP349,179.8736868,147.562067,139.4263891,chalky white
674,SAP349,177.7210617,145.3165716,137.863379,chalky white
675,SAP350,171.0277553,138.3024482,121.9201475,cream
676,SAP350,171.2761368,138.6574897,122.3552309,cream
677,SAP351,181.546424,150.9099723,134.6910065,chalky white
678,SAP351,181.6209976,150.8619448,134.542904,chalky white
679,SAP352,151.8243895,77.91678025,70.08555719,red
680,SAP352,152.1787189,78.57080674,70.92964109,red
681,SAP353,188.4752688,162.9890034,148.6668001,white
682,SAP353,189.0289616,163.6023456,149.2371489,white
683,SAP354,181.8096839,153.2138279,141.4441805,pearl
684,SAP354,181.9829394,153.4659894,141.7379632,pearl
685,SAP355,144.8500774,86.29768954,77.21772894,red
686,SAP355,144.5999237,85.79966783,76.60711558,red
687,SAP356,158.0262736,102.5987188,89.16273858,light brown
688,SAP356,158.4999909,103.1318032,89.72549125,light brown
689,SAP357,126.4048866,78.93541488,72.49935446,dark brown
690,SAP357,126.1063186,78.57966692,71.94003901,dark brown
691,SAP358,182.371488,156.1381044,146.0044188,white
692,SAP358,182.6450476,156.5298383,146.414921,white
693,SAP359,164.0100997,128.7514399,109.852649,yellow
694,SAP359,163.6153697,128.348364,109.3029179,yellow
695,SAP360,141.9987142,77.05061853,70.24702666,red
696,SAP360,142.4661792,77.64455154,71.0729149,red
697,SAP361,183.2479814,157.7919253,146.0929142,white
698,SAP361,183.2056509,157.7807198,146.177019,white
699,SAP362,165.43512,110.7876764,98.77099279,yellow
700,SAP363,152.3002344,88.12792555,81.61986423,red
701,SAP363,151.9063701,87.56659711,80.93321166,red
702,SAP364,181.7008108,155.4818194,143.9096971,pearl
703,SAP364,181.9412013,155.7689005,144.2118634,pearl
704,SAP365,156.2327348,124.7510766,112.9880673,yellow
705,SAP365,155.9863951,124.3260463,112.499213,yellow
706,SAP366,150.2275292,101.72462,90.80951803,light brown
707,SAP366,149.2047523,100.3207576,89.34209343,light brown
708,SAP367,193.5137409,170.100636,158.3537913,white
709,SAP367,194.0666542,170.8036071,159.1782299,white
710,SAP368,164.9577618,137.1148663,128.1916439,cream
711,SAP368,165.2107427,137.4453048,128.5353404,cream
712,SAP369,167.5257537,127.9653286,107.1606937,yellow
713,SAP370,169.9646491,131.6233788,110.5356122,yellow
714,SAP370,169.414841,131.1519493,110.2373118,yellow
715,SAP371,166.6902351,134.9899803,119.5494217,cream
716,SAP371,165.5292013,133.5049347,117.7580196,cream
717,SAP372,162.8182122,111.3346132,87.93054302,light brown
718,SAP372,162.5336088,110.5987465,87.33893177,light brown
719,SAP373,172.5050894,142.013236,128.4603346,cream
720,SAP373,172.9568025,142.5456385,128.983774,cream
721,SAP374,170.2524215,141.2640417,127.0070319,cream
722,SAP374,170.0405591,140.9368363,126.6478339,cream
723,SAP375,165.3655852,99.33404293,87.79703264,light brown
724,SAP375,165.684696,99.86483329,88.46925511,light brown
725,SAP376,151.6289462,103.7974295,83.69083915,light brown
726,SAP376,151.3661675,103.3712823,83.05199614,light brown
727,SAP377,147.4539438,89.16178381,73.89379769,red
728,SAP377,147.2013282,88.67227616,73.18442358,red
729,SAP379,148.069077,96.54614726,79.30952764,light brown
730,SAP379,147.6324321,95.94406171,78.64387379,light brown
731,SAP380,151.743487,102.761606,88.79211526,light brown
732,SAP380,151.5486482,102.9368036,89.27317295,light brown
733,SAP381,156.5144653,103.7771503,81.09171647,light brown
734,SAP381,156.4909807,103.9384523,81.31183145,light brown
735,SAP382,159.3430761,109.2697424,90.03454945,light brown
736,SAP382,159.0590494,108.9018361,89.57629606,light brown
737,SAP383,138.4487306,85.4545496,79.70750081,red
738,SAP383,138.7766811,86.17796456,80.75253878,red
739,SAP384,124.9844676,76.57291845,68.1917407,dark brown
740,SAP384,125.6830891,77.30044949,69.12463601,dark brown
741,SAP385,166.2073962,133.7688178,121.0840021,cream
742,SAP385,166.4665275,133.7937532,120.9370394,cream
743,SAP386,186.6477238,157.1192269,142.5536447,white
744,SAP386,186.9490134,157.4424848,142.9291324,white
745,SAP387,168.2564425,123.3249682,103.7408298,yellow
746,SAP387,168.8679426,123.9565763,104.2917684,yellow
747,SAP388,188.4073548,164.7353151,152.2443169,white
748,SAP388,188.5067558,164.79889,152.24815,white
749,SAP389,153.3728616,101.1866715,80.91426511,light brown
750,SAP389,153.4768465,100.9245359,80.273473,light brown
751,SAP390,168.4094675,136.3067126,123.590864,cream
752,SAP390,168.6974761,136.6610569,124.0800512,cream
753,SAP391,130.5418223,78.20104991,67.73079143,dark brown
754,SAP391,130.8338113,78.77527593,68.5539865,dark brown
755,SAP392,172.590503,141.2676377,124.9747885,cream
756,SAP392,172.3496686,140.9041227,124.5595128,cream
757,SAP394,148.8549128,82.75201609,69.341423,red
758,SAP394,151.3790821,82.88260869,66.99995138,red
759,SAP395,170.7118629,136.672903,118.0150528,cream
760,SAP395,170.6155273,136.7566006,118.2318264,cream
761,SAP396,136.8974283,87.48475532,68.25172546,red
762,SAP396,136.73127,87.0885037,67.49440267,red
763,SAP397,138.9880003,83.45024646,73.00431883,red
764,SAP397,139.3646162,84.11939112,73.88771565,red
765,SAP398,152.6890255,93.94421377,84.23739147,light brown
766,SAP398,152.3695589,93.40792981,83.61360682,light brown
767,BTX623,179.7895413,150.7333186,136.0113995,chalky white
768,BTX623,179.8432668,150.7199581,136.1261014,chalky white
