,stdArea,totalCount,majorAxisLength,sample,averageArea,stdMinorAxisLength,minorAxisLength,stdMajorAxisLength
0,113.4103632,77,42.95005032,BAP001,1089.276316,2.379064139,32.82250608,3.573649965
1,111.7277098,79,42.96240105,BAP001,1089.493506,2.312144611,32.8303599,3.524371536
2,145.255927,77,41.33713985,BAP002,1148.283784,2.889351027,35.88422902,2.316698243
3,146.6173552,76,41.38556109,BAP002,1151.418919,2.90286434,35.92034654,2.332064316
4,126.1556062,77,46.71941082,BAP003,1198.220779,2.592952452,33.12912892,3.756607858
5,121.3247807,76,46.77945887,BAP003,1207.76,2.357989663,33.28458047,3.76362901
6,118.6279364,81,43.05381979,BAP004,1014.662338,2.377435836,30.5607323,3.169725723
7,115.6964352,84,43.10015604,BAP004,1013.075949,2.373220886,30.53293085,3.050903166
8,169.8281397,77,42.51616628,BAP005,1061.986111,3.282151957,32.52748233,3.658952408
9,162.4266645,78,42.82117246,BAP005,1072.267606,3.252941966,32.63889142,3.299044743
10,131.9399171,87,46.1923492,BAP006,1154.305882,2.394335665,32.38960336,3.422141387
11,135.6026742,87,46.3740578,BAP006,1163.505882,2.431584471,32.50782698,3.416808482
12,143.7829195,42,41.63737058,BAP007,1163.564103,2.384945483,35.76111924,2.907008062
13,139.1008746,40,41.93314172,BAP007,1173.027027,2.378069473,35.82227173,2.769695839
14,339.3430583,50,54.42650197,BAP008,2053.630435,4.501824646,48.3779344,4.556073097
15,339.617647,47,54.44350272,BAP008,2052.886364,4.58017894,48.35700681,4.473764447
16,210.8070235,43,47.2278393,BAP009,1523.513514,2.781974973,41.54274665,3.481004861
17,208.3616359,44,47.16885602,BAP009,1520.815789,2.828181622,41.53574064,3.386741728
18,277.471653,64,54.65899864,BAP010,2060.915254,3.663783759,48.88686792,3.83015173
19,270.9772456,64,54.60163941,BAP010,2070.101695,3.616780795,49.00030547,3.80714623
20,233.6713106,47,49.82779322,BAP011,1421.358974,3.144912282,36.8434683,5.631187231
21,233.1838546,47,49.88242981,BAP011,1423.538462,3.163955087,36.83577487,5.579966181
22,253.9079271,61,49.75205619,BAP012,1660.37931,3.789801592,43.35531937,3.615757581
23,253.52853,66,49.60806402,BAP012,1653.603175,3.731835356,43.35207953,3.672307765
24,214.0202449,43,52.46080485,BAP013,1415.55814,3.036952126,34.95790394,4.748456943
25,215.2310743,43,52.5218304,BAP013,1422.162791,2.977288894,35.04231741,4.822727963
26,183.5398743,54,42.38165436,BAP014,1166.553191,3.600043293,35.8502942,2.890088724
27,182.7738448,54,42.56306721,BAP014,1177.065217,3.608790068,35.9053177,2.869006487
28,245.690883,32,62.30713923,BAP015,2335.3,3.289057532,48.81052214,3.632351798
29,269.8246848,33,61.81764822,BAP015,2314.857143,3.3555819,48.69415714,4.28089541
30,215.8106806,48,48.25291482,BAP016,1622.488372,3.378364983,43.79507705,3.200878079
31,220.6353356,49,47.93159653,BAP016,1600.953488,3.371172685,43.47653115,3.359366765
32,166.4677094,39,49.3920304,BAP017,1677.823529,2.726522633,44.11862005,2.306165804
33,163.4363485,41,49.14585075,BAP017,1668.4,2.642478225,44.04016486,2.390807158
34,210.3933275,64,47.10311674,BAP018,1516.534483,3.499685153,41.60896838,3.185382657
35,210.8336225,67,47.08224643,BAP018,1518.316667,3.523218765,41.68405406,3.170158238
36,208.6885625,63,46.53227263,BAP019,1407.47619,2.962512735,39.70539551,3.411274062
37,206.6381224,65,46.67264542,BAP019,1414.384615,2.905936149,39.75273604,3.405672092
38,259.7686663,40,54.09695737,BAP020,2010.2,3.231086922,48.26586584,3.510614957
39,293.4061703,40,54.14294005,BAP020,2005.236842,3.470912522,48.19869742,3.523854368
40,131.1178344,60,43.88166707,BAP021,1329.759259,2.509465831,39.6948568,2.040334525
41,129.3646562,62,43.73556326,BAP021,1321.0,2.478783245,39.58216852,2.03027387
42,172.4091347,39,52.43750697,BAP022,1891.416667,2.556174946,46.9726935,2.26797818
43,291.1610849,45,49.25542677,BAP023,1517.1875,4.143222367,39.6209528,4.814868129
44,286.0169785,46,48.8846694,BAP023,1535.619048,4.338526195,40.46451315,4.568080092
45,0.0,29,44.16533508,BAP024,1230.0,0.0,35.93121877,0.0
46,236.9543917,50,45.89415405,BAP024,1334.913043,3.839934075,37.79935903,4.049101656
47,180.1594536,38,50.6456335,BAP025,1790.40625,2.249691729,45.2337395,2.988842088
48,210.0226013,39,51.62057526,BAP025,1797.416667,3.945278394,44.58249155,2.220934829
49,108.2859028,27,51.20730792,BAP026,1736.857143,1.244463126,43.42329329,1.674190804
50,139.0774874,27,50.79003242,BAP026,1795.55,2.275628678,45.25218499,1.710196474
51,131.9977848,31,48.93093033,BAP027,1542.064516,2.638241388,40.75179354,2.233971568
52,131.0864471,32,48.83083539,BAP027,1536.387097,2.613161189,40.69312485,2.217060917
53,77.38575809,14,57.59200183,BAP028,2094.333333,1.396238554,46.63801657,1.724664844
54,164.1730578,14,54.55773712,BAP028,1961.230769,1.868951543,46.08718154,3.289996386
55,182.4996332,54,39.67383559,BAP029,1016.372549,2.95337873,33.19597928,3.869667657
56,188.479017,54,39.57514482,BAP029,1010.6875,3.003550471,32.98238357,3.998144383
57,175.2696462,38,47.05374366,BAP030,1448.866667,2.760193321,40.12587539,2.539253866
58,192.1148062,41,47.46495561,BAP030,1424.111111,2.792223957,39.24814114,2.845618633
59,168.6863167,56,43.44300247,BAP031,1176.843137,2.773680523,35.13264158,4.178170408
60,180.9060519,54,42.88547042,BAP031,1169.019608,2.903777964,35.21540871,4.010072252
61,227.009364,50,44.55921412,BAP032,1316.355556,3.875972292,39.58253234,3.025873801
62,226.5803441,53,44.52772307,BAP032,1316.1875,3.645070623,39.6913512,3.234675763
63,303.0509138,47,47.96464421,BAP033,1415.171429,5.091047679,39.1735493,5.25529634
64,294.096936,47,48.12780004,BAP033,1433.147059,5.025669798,39.42711148,4.505061279
65,221.163651,47,48.06998602,BAP034,1443.857143,4.234084952,39.64297472,3.518560069
66,220.3132133,47,47.84490803,BAP034,1430.878049,4.095617965,39.39428357,3.56203552
67,350.3797395,64,54.04713275,BAP035,1932.852459,4.328208608,46.23035833,4.939850049
68,334.6000524,59,54.18957197,BAP035,1945.694915,4.014207384,46.42352902,4.749719237
69,178.443861,69,44.94520058,BAP036,1183.5,3.08301085,35.10301275,3.189266213
70,179.5694109,73,45.45890832,BAP036,1201.266667,3.042756234,35.14011064,2.939759406
71,148.2846882,38,49.09528681,BAP037,1387.611111,2.159440758,36.37106934,3.687487789
72,148.7727159,39,49.04191776,BAP037,1387.111111,2.179400686,36.39476734,3.65197768
73,205.0179163,39,53.01133155,BAP038,1958.647059,2.439078318,48.02989504,2.915031643
74,224.9535532,41,52.98902066,BAP038,1960.694444,2.568331173,48.03281571,3.169745267
75,136.0069315,51,43.57995682,BAP039,1051.392157,2.478815511,31.38513579,3.657836515
76,139.7568172,53,43.46595368,BAP039,1047.735849,2.47735831,31.32300643,3.756623717
77,267.670097,57,54.56099919,BAP040,1861.270833,3.127905899,44.82241074,3.726138819
78,270.4999197,52,54.162229,BAP040,1864.44898,3.38008928,45.22718886,3.855123388
79,196.1693944,50,46.95505132,BAP041,1309.022727,2.627378028,36.76464297,4.446358536
80,194.3365494,52,46.32609496,BAP041,1288.829787,2.645177608,36.69487363,4.381069655
81,182.0031887,68,41.85235594,BAP042,1196.707692,3.277509006,37.00294383,2.84730015
82,195.2376043,68,41.57907653,BAP042,1179.969231,3.737489736,36.66914322,2.930633165
83,325.7771361,39,49.25971823,BAP043,1639.315789,5.152426783,42.99799681,3.996350273
84,317.2438963,37,48.56704793,BAP043,1511.684211,4.821570609,40.50120376,4.032252282
85,135.3460397,52,44.16241637,BAP044,1266.787234,2.532102814,37.15935271,2.722963253
86,145.2013314,52,44.13862091,BAP044,1270.229167,2.665632351,37.28318562,2.845740685
87,148.2461822,66,36.48374657,BAP045,881.1451613,2.785965353,31.23912889,3.605319833
88,147.6563052,68,36.56489707,BAP045,884.8888889,2.83015211,31.32659958,3.570461525
89,224.3899041,59,42.87825809,BAP046,1101.864407,4.231772402,33.24650807,4.495510001
90,217.8062891,58,43.42129433,BAP046,1125.438596,4.11242737,33.52493667,4.176573583
91,178.1062112,50,45.78912774,BAP047,1415.395833,2.952935449,40.56180568,2.894016636
92,180.9846897,54,45.91255041,BAP047,1424.520833,3.05752665,40.67664003,2.859102111
93,199.7965055,47,51.81244295,BAP048,1598.232558,3.295710908,39.56374491,3.412228608
94,197.4893658,49,51.84520482,BAP048,1595.636364,3.229145297,39.48364194,3.442929956
95,184.366518,57,49.44861319,BAP049,1707.211538,2.95585465,44.57809844,2.783342692
96,179.2198887,59,49.53062447,BAP049,1714.5,2.774527448,44.74624325,2.569512875
97,127.2083079,87,35.68458363,BAP071,700.4390244,2.476556362,25.69405673,4.819201152
98,124.977519,84,36.03120731,BAP071,707.08,2.499287005,25.81537167,4.326482416
99,168.3831727,62,44.33387733,BAP072,1310.0,3.105813746,38.49393331,2.274378805
100,167.3650244,63,44.22558128,BAP072,1306.035088,3.10327931,38.46283642,2.254913818
101,232.4699963,43,47.79042814,BAP073,1587.736842,3.546955108,42.45556966,3.433282238
102,232.2023681,43,47.86192778,BAP073,1591.815789,3.55536959,42.50498277,3.449051822
103,197.3508568,55,42.34433897,BAP074,1215.8125,3.299444907,37.19502915,3.619284763
104,212.4911072,55,42.07886021,BAP074,1206.244898,3.525263627,37.05936485,4.045008945
105,213.4347224,48,55.32282712,BAP075,2136.097561,3.04706956,49.92878674,2.820332257
106,211.4342449,46,55.18535865,BAP075,2129.190476,3.043850458,49.91021476,2.770684458
107,129.7540267,67,40.15098765,BAP076,853.0153846,2.882786622,27.92842075,4.185428199
108,125.7413571,64,39.9058707,BAP076,848.0,2.629258685,27.70352237,3.792752508
109,110.9209323,62,41.69239007,BAP077,969.9636364,2.160880964,30.99471793,4.290474954
110,110.4130138,63,41.28746049,BAP077,967.0169492,2.039714032,31.07557893,4.074190096
111,180.4561786,30,44.74883222,BAP078,1215.321429,3.929490812,36.02350107,4.168285947
112,183.1769704,29,44.95470557,BAP078,1213.888889,3.969304513,35.98958378,4.011728485
113,345.8099634,38,48.78396509,BAP079,1633.787879,5.08303919,43.18984484,4.134006343
114,318.8214795,38,51.6469407,BAP079,1767.444444,4.032354771,44.45118196,3.874681313
115,250.0544389,36,45.14048103,BAP080,1274.76,3.829595141,36.82013717,5.516125118
116,235.4933083,35,44.48978825,BAP080,1262.151515,3.643440213,37.37849304,5.409589568
117,446.6101514,46,54.68939848,BAP081,2125.023256,5.148375309,49.98911097,5.566951824
118,448.670336,47,54.25786898,BAP081,2087.195652,5.23872735,49.50401837,5.591471362
119,139.2101374,80,42.70615983,BAP082,1148.6125,2.393478159,35.26007755,3.791620475
120,142.2808969,75,42.94388624,BAP082,1152.191781,2.422328069,35.20884066,3.876440764
121,153.195445,43,50.7912046,BAP083,1749.175,2.730986992,44.94026073,2.402933343
122,154.9881377,43,50.76339463,BAP083,1742.102564,2.726366833,44.8155819,2.468945992
123,263.0258669,47,50.67440501,BAP084,1815.842105,3.382660251,46.20927211,3.658241164
124,266.0762994,50,50.87736796,BAP084,1827.767442,3.606929273,46.3746792,3.651006902
125,220.016344,46,55.55759687,BAP085,2112.886364,3.00745176,49.11422631,2.908244672
126,221.6163062,46,55.58345304,BAP085,2115.409091,2.997537027,49.13416052,2.962627552
127,300.2176803,53,48.25345989,BAP086,1542.55102,3.921948456,40.91953537,5.215005463
128,301.9539057,51,48.06029659,BAP086,1537.456522,4.033715465,40.97672832,5.198076536
129,173.8568304,51,44.16456216,BAP087,1171.395833,3.577327497,35.2708454,4.268662894
130,171.4273466,50,45.45623728,BAP087,1169.242424,3.396860722,34.44778222,4.36815165
131,330.380651,33,52.68775898,BAP088,1943.068966,4.165391393,48.45951512,4.366670767
132,334.4957216,33,52.70291103,BAP088,1938.571429,4.278995306,48.37545622,4.366450989
133,286.9831219,47,51.47617504,BAP089,1871.264706,3.891902575,46.72891076,3.830794179
134,285.8691878,46,51.29479054,BAP089,1892.967742,3.771624199,47.37908244,3.763611248
135,309.3817681,27,55.4313009,BAP090,2050.807692,3.553936621,47.30395187,4.559505889
136,308.5132702,27,55.38630337,BAP090,2046.153846,3.578830534,47.23856284,4.522191453
137,198.5748987,26,48.94572651,BAP091,1640.64,2.703466225,43.18004729,2.964524403
138,192.4874856,28,48.94853478,BAP091,1645.222222,2.692026799,43.27610318,2.877556094
139,173.3344501,58,47.9349059,BAP092,1585.208333,3.031271818,43.07702191,2.291860048
140,163.8847497,59,47.93298643,BAP092,1600.019231,2.805076748,43.5224995,2.198677138
141,174.8246498,45,44.32715852,BAP093,1200.642857,3.145892883,36.11426778,4.547253756
142,171.3146722,48,43.92557533,BAP093,1195.978261,3.054033806,36.01695815,4.034635462
143,196.1808776,46,47.0493359,BAP094,1520.604651,3.517031796,41.9430306,2.771281414
144,201.6151036,43,47.17372227,BAP094,1528.0,3.565206227,42.00531806,2.863252649
145,62.99776007,74,30.53405685,BAP095,448.53125,2.466975635,19.83209885,3.10867286
146,64.18023245,70,30.41973956,BAP095,449.7258065,2.106888389,19.73432484,2.989162123
147,124.3997553,64,42.60555135,BAP098,946.5081967,2.080891859,28.695824,3.955594734
148,126.2439977,61,42.94029392,BAP098,957.0689655,2.144217392,28.79033099,3.82751899
149,165.9887358,63,45.24412965,BAP099,1322.655172,2.700102864,39.49375124,3.090591528
150,168.8809205,61,45.23160768,BAP099,1314.857143,2.717886701,39.2505319,3.034766013
151,248.1179575,40,55.2397945,BAP100,2072.583333,3.791067401,48.25972947,3.525202619
152,228.391615,40,54.98470072,BAP100,2089.685714,3.152036229,48.81517888,3.549706976
153,161.8337706,50,45.7332113,BAP101,1412.148936,2.755453603,39.61247128,2.869412474
154,171.7185418,49,45.88489588,BAP101,1423.617021,2.939930327,39.77338817,2.938392558
155,281.0471491,36,53.15415048,BAP102,1922.25,4.120328679,46.58598572,3.589899029
156,237.9359368,35,53.22120124,BAP102,1864.3,3.3547066,45.081699,3.289412692
157,357.8940955,36,54.7709965,BAP103,2045.4375,5.20844258,48.03362348,4.59435131
158,357.1908628,36,54.86791534,BAP103,2051.0,5.164224546,48.07394123,4.645053464
159,300.0039611,34,51.20134785,BAP104,1822.548387,4.706587318,45.8171461,3.718743018
160,300.286367,34,51.41057056,BAP104,1830.032258,4.711850585,45.93319745,3.959151997
161,347.3424903,27,53.78880766,BAP105,1979.166667,4.578543093,47.42877019,4.695933243
162,346.6422242,27,53.66134064,BAP105,1973.541667,4.606264795,47.42560777,4.657544963
163,138.1884879,62,40.60883993,BAP106,1090.4,2.59916107,35.04966201,3.252002702
164,134.5103085,63,40.46122066,BAP106,1094.684211,2.622394245,35.15277,2.846800026
165,130.6499537,61,42.346685,BAP107,1137.017857,2.895802666,34.71935893,2.514686617
166,133.5021294,59,42.19923053,BAP107,1134.303571,2.922555193,34.71681992,2.634791342
167,225.1621592,32,54.03437589,BAP108,1939.258065,3.294173284,46.40089325,3.203238844
168,224.6246401,32,53.98800171,BAP108,1934.354839,3.302876679,46.32440154,3.195552455
169,64.0094403,44,38.43280019,BAP109,242.6060606,3.932790042,19.22027647,8.522517737
170,64.7847394,54,33.64353375,BAP109,232.2564103,3.397103784,18.31706938,8.776945238
171,200.3655745,52,43.18621954,BAP110,1082.906977,3.771360967,32.94748648,4.13515825
172,191.4950871,51,43.60304933,BAP110,1094.377778,3.632949239,33.30196638,4.530769531
173,344.9862376,23,55.30752651,BAP111,1846.363636,4.547666153,44.28956528,6.326366052
174,321.315825,19,53.25874637,BAP112,1717.875,4.281650983,43.36712024,8.360526346
175,254.6302875,20,53.59108575,BAP112,1803.5,4.193343461,45.44739968,5.579292869
176,182.7503272,22,52.66017447,BAP113,1742.388889,2.673978225,42.48142831,2.973162098
177,169.0561511,26,52.29989124,BAP113,1654.466667,2.682121494,40.6184059,2.646012715
178,139.0547454,20,48.40548998,BAP114,1533.666667,2.474717712,41.07853069,2.298635693
179,108.6032535,16,47.74098553,BAP114,1421.0,2.197600117,38.17997179,1.384996674
180,155.7949819,17,46.10132243,BAP115,1269.583333,2.437304583,35.97163837,3.603023236
181,190.2835179,20,53.12988168,BAP115,1336.157895,3.871946134,37.43193748,14.64476064
182,166.189771,18,51.53606303,BAP116,1407.6,3.749769472,38.21939444,8.035421716
183,195.0521439,13,50.45897299,BAP116,1382.454545,2.796690617,35.62092565,4.175731241
184,188.9583287,13,46.38458817,BAP117,915.5,2.342624723,33.88573019,9.50482574
185,65.56675987,12,68.41590361,BAP117,218.0,3.858934036,27.42477156,5.12516434
186,18.92722906,9,74.19013827,BAP118,178.4,9.189444547,34.55741503,22.93663016
187,118.2337609,8,53.25354252,BAP118,1259.666667,2.750787494,36.43834605,12.67680861
188,160.105569,23,39.71962577,BAP119,901.3888889,3.032597025,29.42934316,3.891556168
189,207.2935247,27,39.15442077,BAP119,875.4090909,3.554809779,29.53974531,5.297579966
190,132.0835573,18,41.30557346,BAP120,1033.454545,2.72916158,33.31905923,4.934996653
191,193.9438949,18,44.10623588,BAP120,888.625,2.335241868,31.37096771,8.706789113
192,0.0,7,59.78358741,BAP121,278.0,0.0,21.58564334,0.0
193,287.2631023,20,52.59489233,BAP121,1423.294118,4.313716005,38.37503509,4.734439193
194,135.1678933,16,45.79201578,BAP122,1149.125,2.246733243,34.31603626,5.763295724
195,178.4691656,20,43.76722942,BAP122,1154.583333,2.723365564,34.47728891,5.405426518
196,243.9125162,22,50.13021496,BAP123,1446.866667,3.960660613,38.62973232,7.424050352
197,242.4715189,18,52.987793,BAP123,1519.75,3.829485651,39.47590654,10.32680613
198,281.4197968,13,54.39034125,BAP124,1678.571429,4.076038934,39.56251538,4.097088588
199,60.92772357,13,50.48285733,BAP125,249.75,2.33743601,27.12469302,12.84117972
200,268.4826996,16,120.1544098,BAP126,1093.8,9.100910789,38.27009491,36.7519389
201,247.1905894,16,87.29692368,BAP126,997.25,7.625109343,35.06665788,22.86923853
202,169.0259895,16,46.41090824,BAP127,1160.181818,3.145464701,33.8720216,9.685004373
203,159.2879468,19,50.96342102,BAP127,1215.5,4.241962555,36.45646642,12.36105547
204,101.717674,19,47.43329137,BAP128,1361.230769,2.30078346,37.91586441,2.53011547
205,117.7175496,17,47.21109133,BAP128,1366.181818,2.184547421,38.44598526,3.02140062
206,144.8780603,21,50.24596828,BAP129,1169.1875,2.754549802,34.31767567,10.02442736
207,367.9438001,23,125.2775331,BAP129,1040.6,5.866360158,36.85031618,37.7616259
208,153.3922496,20,46.20425119,BAP130,1150.866667,3.485835168,34.17571924,4.265622628
209,144.4526787,17,44.55847551,BAP130,1144.916667,2.507347117,33.48477465,3.336060759
210,250.7268633,22,102.1593894,BAP131,1461.2,4.949933957,44.51078435,30.52937855
211,193.7288084,18,49.64743132,BAP132,1309.176471,3.829527207,37.31487714,5.114079602
212,196.7999235,23,47.43906373,BAP132,1227.888889,4.221798294,34.26815265,3.897641107
213,288.0664575,23,47.491619,BAP133,1465.777778,4.202590555,39.45677413,5.336918913
214,249.009558,18,50.83588339,BAP133,1602.2,3.481255654,40.75039557,4.148807864
215,265.9590902,20,49.43930665,BAP134,1662.611111,3.579286813,43.57048119,4.367878044
216,324.8756267,18,50.94668391,BAP134,1724.777778,4.725537603,44.50095832,4.827236695
217,154.4611602,6,67.59071549,BAP135,460.5,3.953200867,25.6589323,13.89589225
218,21.16929118,19,75.41653044,BAP135,200.8333333,8.619849662,25.14976256,9.471047563
219,278.9991588,19,69.77177288,BAP136,1399.428571,4.556649236,40.22043744,21.5795665
220,91.62946679,17,70.53248255,BAP136,243.5714286,5.812085866,25.47556327,19.80833214
221,182.6423139,20,50.44866393,BAP137,1355.3125,2.173508746,36.26524751,5.757577607
222,192.9798023,17,49.88174086,BAP137,1372.285714,3.304747375,37.71487385,4.683589735
223,185.0,23,180.4208566,BAP138,960.0,0.6893367257,30.78777891,10.7741518
224,207.10746,25,44.96975262,BAP138,1084.0,3.880755968,33.29037705,5.590743344
225,214.1140265,14,47.28648331,BAP139,831.4285714,5.903181004,32.67686456,14.55447593
226,45.90411202,21,76.58146466,BAP139,205.75,4.271788461,24.67633656,3.582188632
227,7.0,10,55.76223618,BAP140,231.0,3.122166553,38.03707745,1.813003601
228,195.7267983,21,48.25523904,BAP140,1189.142857,2.69183813,35.04124228,13.25404659
229,182.2472798,17,56.87402016,BAP141,1276.076923,5.046887249,37.11564308,16.22684313
230,320.5692437,14,70.06240461,BAP141,1132.4,3.167220406,35.51461712,21.20747824
231,145.9082665,12,139.1340621,BAP142,424.6666667,1.581695035,13.81532546,38.72313162
232,161.4181079,8,59.42388377,BAP142,1304.833333,6.083045798,38.22478691,20.67507169
233,226.9523196,20,52.94218523,BAP143,1477.909091,5.390078939,41.169533,8.590897298
234,23.8117618,24,47.6198398,BAP143,185.0,3.117584945,15.68647573,10.9314032
235,178.5,14,194.0540032,BAP144,1634.5,6.674385712,39.27583725,73.25787908
236,0.0,10,41.36942887,BAP144,1028.0,0.0,32.34084912,0.0
237,33.42358153,21,82.81352746,BAP145,212.4444444,7.023360041,24.68969937,30.08029251
238,159.3938774,14,76.86648914,BAP145,450.8571429,9.290282831,32.56951686,16.39148109
239,231.5417462,13,51.95726306,BAP146,928.5555556,5.432719051,33.57623814,15.45971109
240,107.5025372,52,40.54921532,BAP147,349.0204082,3.923136043,22.12692303,8.217982862
241,125.73484,20,48.70307004,BAP148,1244.5,2.861306843,36.13696354,10.28854175
242,163.7899279,14,46.90315337,BAP149,1255.363636,3.257156783,35.96321294,5.440703712
243,143.4441752,17,49.43690553,BAP149,1346.363636,2.277464521,36.60303323,6.615462555
244,168.8238604,21,51.56457667,BAP150,1744.631579,2.850751241,43.59265417,2.286825398
245,159.8148717,21,50.95297011,BAP150,1728.611111,2.228684779,43.75409015,2.553650888
246,137.3419686,18,44.52713284,BAP151,1181.571429,2.334663394,34.40033393,2.437218466
247,161.3336004,17,44.61812112,BAP151,1199.571429,2.724704349,35.07537161,2.757272925
248,289.3755979,19,52.28714488,BAP152,1477.615385,4.586803925,38.0627599,6.813678533
249,249.3231331,18,49.85352578,BAP152,1470.444444,4.266084222,39.7806516,5.630421257
250,302.5944407,16,58.2771963,BAP153,2392.933333,3.364618917,53.70417384,3.544866074
251,257.1788915,18,57.88653389,BAP153,2399.307692,2.801595188,53.55964479,3.005738762
252,33.47967875,8,37.43328897,BAP154,189.6666667,0.08165498744,19.50282702,10.86053059
253,312.1611692,16,53.86632133,BAP154,1662.733333,3.116751808,39.59657389,6.581877149
254,212.2421874,24,43.95401073,BAP155,1029.5625,3.49711244,33.41973428,8.037353919
255,78.36240595,7,50.06711684,BAP155,640.0,7.408446553,37.22379845,11.3876205
256,260.9968332,16,58.1347599,BAP156,2178.285714,3.557773747,48.89921801,2.78911915
257,247.4917076,17,56.55082192,BAP156,2194.823529,3.386846871,50.45549911,2.94284435
258,288.6315962,13,55.7629311,BAP157,2129.272727,3.36946557,49.50612034,3.438984353
259,298.8370496,15,56.2588035,BAP157,2069.133333,4.412433008,48.07013216,3.787996477
260,171.6024717,18,52.86266342,BAP158,1887.230769,1.997469082,45.92201074,2.741025367
261,181.4865267,17,52.59995584,BAP158,1887.875,2.668813524,46.1478192,2.583493138
262,90.99278818,17,56.88256204,BAP159,2185.75,1.458409788,49.59844963,1.981397062
263,151.1994223,15,56.34552225,BAP159,2120.142857,2.164806889,48.64820223,2.829120802
264,172.4162348,18,61.90099896,BAP160,2484.444444,2.730849345,52.43356004,2.761330176
265,202.9224499,19,63.81350118,BAP160,2449.545455,2.504616807,50.56611593,2.744844114
266,250.472619,20,54.51049434,BAP161,2011.764706,3.776846918,47.50264027,3.16039637
267,229.3864333,20,54.79721167,BAP161,1941.555556,4.065484625,45.58592624,3.170668156
268,99.83611571,22,60.16676779,BAP162,2088.5,2.463983932,45.55181582,0.2340304262
269,266.7561888,20,54.78526611,BAP162,2095.631579,3.41401825,49.65482099,3.501078961
270,209.3920138,18,49.17903324,BAP163,1345.388889,3.255714277,35.56303859,4.9597614
271,23.5,10,38.53096647,BAP163,178.5,1.165451149,24.3191252,3.479367567
272,351.3361744,18,52.94532945,BAP164,1844.272727,5.443786316,44.62255608,4.219880661
273,310.6604293,17,53.60329419,BAP164,1970.1875,4.317449678,47.23368887,3.932185084
274,0.0,14,126.793711,BAP165,813.0,0.0,44.12274141,0.0
275,224.6876988,15,52.37112658,BAP166,1517.727273,4.265705419,38.87337438,4.433158678
276,213.9362574,16,50.47385826,BAP166,1457.666667,3.639551958,39.58335009,6.113408825
277,197.3127805,11,44.51042049,BAP167,846.0,1.361329029,28.78636262,5.093364505
278,164.4282214,17,51.86214466,BAP167,1149.6,5.261987393,33.58269363,17.51381145
279,182.4637704,24,52.27739146,BAP168,1886.65,2.548725108,46.794551,2.453824606
280,202.853549,21,51.94669982,BAP168,1869.263158,2.75284969,46.64251115,2.520680363
281,164.8286107,21,49.0879805,BAP169,1521.052632,2.270602147,39.59285401,3.075137133
282,212.9832094,22,48.42072269,BAP169,1515.95,3.04469652,40.01617532,3.701806066
283,246.5207339,16,53.82668284,BAP170,1767.833333,4.169759769,42.5758925,2.543336303
284,270.4600105,13,55.28230509,BAP170,1877.777778,4.249770729,44.02232282,2.979969973
285,61.2825877,11,72.06505549,BAP171,356.3333333,7.69380639,35.18797981,9.728570321
286,154.6410324,21,43.3082162,BAP171,1108.533333,3.537848534,33.15923646,3.154037131
287,119.189632,14,46.88195626,BAP172,1247.785714,1.964492897,34.631235,3.379251671
288,229.4251724,14,49.51174598,BAP172,1241.583333,2.794394489,35.05876799,5.699283073
289,25.35087112,18,72.12617561,BAP174,239.0,15.6443642,37.11634293,19.74074888
290,167.2121566,16,44.45620187,BAP174,1384.692308,2.219999364,40.15224368,3.160747119
291,226.9269414,19,55.94409799,BAP175,825.8571429,3.896346064,31.2500664,15.07867775
292,194.2661121,24,45.64371134,BAP175,806.3636364,3.95069388,31.45952436,14.99684639
293,19.0,11,49.03549103,BAP176,1347.0,1.007071434,35.51571264,1.019018565
294,249.6415625,12,49.99535188,BAP176,1727.916667,4.078213029,44.7174881,3.350683339
295,298.4776485,17,54.04479545,BAP177,2046.4,3.942634544,48.76730241,3.971402224
296,269.0365196,15,54.19923174,BAP177,2059.133333,4.037484558,48.87583087,2.721100629
297,276.9344442,14,53.6668921,BAP178,1955.076923,4.772020419,47.20611305,3.218499685
298,203.0060863,17,53.16121965,BAP178,1957.272727,3.380026586,47.52098306,2.772071474
299,337.4928291,13,56.86578643,BAP179,2251.583333,4.61958909,50.80457038,4.233360445
300,296.5752668,13,60.75140079,BAP179,2079.333333,3.621725357,47.66343556,8.091961209
301,353.229079,16,51.45704941,BAP180,1883.866667,4.475214678,46.74825923,4.851818762
302,389.107455,16,54.56764577,BAP180,2015.545455,4.262899604,46.93768696,6.301209248
303,55.2589862,9,60.09996635,BAP181,1809.333333,1.461018846,44.09935338,3.786448834
304,351.3206571,14,53.45292357,BAP182,1814.714286,5.357794951,43.3005527,3.880990916
305,342.8420309,14,53.9367809,BAP182,1878.642857,5.466965773,44.90149269,4.497109646
306,28.5,8,66.92044834,BAP184,263.5,0.6007456404,29.31641068,11.21775274
307,346.4123266,12,50.3668102,BAP184,1730.5,4.920092655,44.49147547,4.246303643
308,231.6736805,13,50.24823599,BAP186,1329.181818,3.900751787,35.81440356,6.814331572
309,43.0,11,72.77991209,BAP186,304.0,4.276052523,30.434117,2.291609474
310,275.7413442,15,53.41086756,BAP187,1948.333333,4.500043059,46.82373308,3.156371126
311,112.6720906,15,53.63748821,BAP187,1835.0,1.743121344,44.60824026,0.9118432451
312,75.02322557,15,52.99189829,BAP188,1389.375,2.427124221,37.30117937,8.512379817
313,165.3361895,16,49.82774409,BAP188,1412.666667,2.971749502,37.37675396,4.865395285
314,272.3172623,11,58.72705487,BAP189,2398.555556,3.268201116,52.37305637,3.216016934
315,264.3633863,13,57.95394773,BAP189,2403.0,3.109712055,53.23322143,3.206435408
316,159.0453441,12,56.478946,BAP190,2306.818182,2.262819215,52.41069239,1.603019549
317,157.2813076,15,55.48010809,BAP190,2198.916667,1.995961426,50.81830801,2.008433495
318,75.46356737,16,46.22335323,BAP191,1392.5,1.160231416,38.76521036,1.27757749
319,142.1072561,15,50.04040454,BAP191,1713.833333,1.647286329,43.94677484,2.409379255
320,173.0213539,13,59.96389502,BAP192,2214.666667,3.327518749,47.93332656,2.358074138
321,212.9685031,12,59.82293876,BAP192,2184.5,3.259153892,47.23397415,3.115064308
322,278.2794279,20,56.65690705,BAP193,2095.6,2.646731582,47.46537117,4.652671906
323,399.735303,21,56.15595319,BAP193,2243.75,4.789935379,51.04376635,5.488998214
324,258.4605567,20,64.219606,BAP194,2759.375,3.448377936,55.39739501,2.978731001
325,261.9582207,20,64.95793514,BAP194,2808.625,3.582835081,55.56714206,2.662477938
326,197.8926477,12,61.80891566,BAP195,2474.0,2.869802795,51.66449169,2.477946013
327,235.1215407,13,61.56708692,BAP195,2425.833333,2.616501769,50.63209669,3.678843676
328,225.0475687,14,61.53977591,BAP196,2548.142857,2.715975555,53.21077756,2.279092684
329,121.1290634,14,62.74892285,BAP196,2717.5,2.438006532,55.65564009,0.7575915781
330,119.0750064,13,61.38476726,BAP197,2412.0,2.345538884,50.49844543,2.310387875
331,134.1810551,13,60.52035387,BAP197,2494.333333,1.994935161,52.90961837,1.4820171
332,279.6908643,14,52.26810234,BAP198,1646.142857,3.849700868,42.37899852,7.243724133
333,239.2209021,13,60.35496167,BAP198,1836.4,4.763477659,45.07074646,10.48066318
334,214.4678785,21,55.75085356,BAP199,1940.947368,3.171490229,44.88413231,3.237866076
335,185.3382493,17,55.54198935,BAP199,1896.0,2.54632609,43.97826127,2.859647298
336,200.9990989,14,55.05324972,BAP200,1774.071429,2.921642991,41.23886458,2.761360342
337,207.1612923,14,55.97366496,BAP200,1829.642857,2.708546234,41.85749603,3.513584877
338,0.0,14,54.91089199,BAP201,1750.0,0.0,44.89776946,0.0
339,167.383767,16,51.25710544,BAP202,1700.538462,1.958553667,43.04175314,2.908255535
340,152.9597155,15,52.42119323,BAP202,1799.307692,2.459928379,44.33682491,2.046341644
341,103.4633919,15,52.08871905,BAP203,1538.428571,2.132475573,38.56107326,2.40928329
342,129.4624302,15,50.52878627,BAP203,1517.75,2.438088799,38.79883148,2.443602355
343,139.4232695,21,49.78903198,BAP204,1425.904762,1.908418932,37.22026368,3.511297319
344,139.4815092,21,49.3466717,BAP204,1415.526316,2.286244129,37.16769745,3.077916699
345,199.2934628,13,54.70330386,BAP205,1904.454545,2.536134057,44.46556519,3.238143706
346,167.9662168,12,55.38565167,BAP205,1870.5,2.489773547,43.1726559,2.77489483
347,240.3708444,15,52.69404475,BAP206,1888.0,3.035256039,46.1332803,3.376440837
348,216.1538462,15,52.0482185,BAP206,1839.769231,3.003745768,45.53000157,3.156284461
349,276.5174583,22,59.0532004,BAP207,1967.0,3.731947576,43.02197632,5.299227927
350,292.2540131,22,60.14107376,BAP207,2019.857143,3.910084995,43.29278768,4.417945774
351,200.4800362,15,50.01720931,BAP208,1652.571429,2.789237653,42.34973207,3.45624816
352,225.0898233,15,49.79719139,BAP208,1628.0,3.051748445,42.03976893,3.644915007
353,16.81930108,15,54.50947129,BAP210,227.3333333,1.427071147,27.30801486,6.95295153
354,209.182281,17,47.24561197,BAP210,1511.8,3.321650373,41.69270389,3.042936696
355,285.7951889,11,59.5438924,BAP212,1535.9,4.791184587,41.12759948,16.2326081
356,139.9349318,14,48.32040031,BAP212,1323.181818,1.908826373,36.06298933,5.596665025
357,64.34817402,16,55.30083497,BAP213,1134.75,0.6563128842,30.93849285,9.087731052
358,89.5,6,52.0223042,BAP213,370.5,2.63507485,25.81454612,8.4171819
359,40.53432054,26,49.03867443,BAP214,218.7058824,2.800441393,13.69618557,14.16820858
360,146.2353492,24,47.33444652,BAP214,1319.1875,2.476137359,36.91175722,3.98560619
361,250.2052358,20,50.01388481,BAP215,1738.8,3.708029469,45.3036972,3.386898911
362,250.0473597,20,50.24260105,BAP215,1763.611111,3.584906464,45.29546091,3.644477088
363,0.0,7,64.69939904,BAP216,463.0,0.0,34.28522818,0.0
364,36.52364072,28,46.84481925,BAP216,229.8461538,4.207790697,16.13359213,11.87335121
365,125.4498843,13,51.80022874,BAP217,1522.428571,3.03822841,39.82566143,2.227851665
366,192.6070958,19,48.86389828,BAP217,1295.2,2.912288593,37.31461964,4.465569027
367,79.10436145,18,55.6729516,BAP218,1545.0,2.712051973,41.02282978,13.08529588
368,199.9512343,16,48.06200071,BAP218,1564.5625,3.289306882,41.97816533,2.843053349
369,165.1635732,16,47.71346926,BAP219,1436.384615,2.661384594,38.50773756,2.532040511
370,125.6677674,17,48.54451033,BAP219,1457.428571,2.177346453,38.58812494,2.392349373
371,132.9176855,18,58.53083735,BAP220,1529.333333,2.121040813,41.5033749,17.09466387
372,249.2381043,13,47.18429688,BAP220,1326.714286,5.140959822,37.34848942,4.757730837
373,87.11836417,20,38.62629951,BAP221,356.625,3.803694846,21.94343579,8.078767911
374,37.74437382,22,52.59313274,BAP221,204.9285714,3.677129208,17.22791693,15.03701388
375,314.1532838,12,61.7630028,BAP222,2089.0,5.216126656,48.8012354,7.657339624
376,68.81421042,28,49.70134963,BAP222,239.0666667,5.729815123,22.33212655,10.85145417
377,140.6086136,16,48.81312334,BAP223,1684.466667,2.666684112,44.65175421,2.259142884
378,196.5467883,15,50.52240631,BAP223,1751.6,3.654390172,45.38217544,4.007900076
379,23.6648216,35,32.80715816,BAP224,186.1034483,3.570004011,16.25624273,8.078469416
380,193.8236554,10,60.90913538,BAP224,2102.125,3.082530601,45.20293771,3.267755705
381,59.15219564,30,60.98901976,BAP225,245.6923077,5.24022217,16.25479347,20.98425921
382,54.73414194,50,33.59937544,BAP225,228.3170732,3.967829804,18.51592303,7.196452788
383,266.2675116,15,63.04102693,BAP226,2712.571429,3.295866817,56.3026713,2.528114653
384,272.3519738,15,63.3248134,BAP226,2780.692308,2.406584222,57.10953859,2.868277793
385,336.396581,26,50.01276983,BAP227,1765.416667,4.488332967,45.08737706,4.714127041
386,336.4600802,25,49.45288405,BAP227,1691.88,4.532105024,43.84440741,4.666002106
387,35.39860906,35,32.988882,BAP228,208.46875,3.31022664,17.90877419,7.687326332
388,60.65468671,40,35.25629182,BAP228,247.4571429,3.260402028,19.4129737,8.167832861
389,54.53305572,29,32.44087729,BAP229,229.25,4.116793922,19.64869526,8.076490846
390,15.54191174,17,71.31141957,BAP229,201.8571429,8.223366066,25.59531995,20.95497145
391,273.8088871,16,59.87390761,BAP230,2454.6,3.665610581,52.86688089,3.384388298
392,299.7383638,16,60.01043509,BAP230,2452.642857,3.805967653,52.66035257,3.925116363
393,247.4569845,18,62.86644172,BAP231,2762.428571,3.402801994,56.65507536,2.368652433
394,287.049326,15,62.8269049,BAP231,2773.466667,3.209589668,56.88377913,3.080768629
395,155.4716009,20,55.50882223,BAP232,1824.411765,2.340135925,42.1683602,2.661120409
396,168.2758318,18,54.68343265,BAP232,1782.666667,2.486420714,41.80176629,2.735605305
397,180.7513639,14,61.55740198,BAP233,2603.333333,1.725635295,54.39904073,2.994294915
398,196.8706569,15,63.90511053,BAP233,2775.666667,2.431384069,55.55569015,2.551779507
399,272.7796603,13,57.67355837,BAP234,2187.083333,3.752313337,48.88072804,2.994112417
400,130.4396412,14,57.70972883,BAP234,2131.5,1.987898751,47.37495144,1.695858707
401,208.2539015,20,55.9750487,BAP235,1893.75,2.699805863,43.41465667,3.021504704
402,246.0345865,13,57.11371708,BAP236,2191.461538,2.926973832,49.15627903,3.442332188
403,297.6579984,14,56.35431473,BAP236,2126.153846,3.917127878,48.23229339,3.820253228
404,300.4139156,14,58.91920473,BAP237,2311.307692,4.187111432,50.35575652,3.452072282
405,288.6538779,14,59.00469617,BAP237,2369.714286,3.496582536,51.50448373,3.593533926
406,370.0630202,14,62.01786307,BAP238,2575.833333,4.312860734,52.95261112,4.864233848
407,352.0928997,14,61.31977128,BAP238,2510.7,3.500397433,52.29056138,4.886697023
408,226.2654613,23,55.72759361,BAP239,1998.52381,3.64848551,46.154622,2.401182158
409,264.9125899,22,55.94512458,BAP239,2032.714286,3.963016524,46.73072515,3.142072456
410,223.6746049,17,62.04212203,BAP240,2501.733333,2.817972216,51.99773029,3.492660031
411,287.4065935,20,63.56456506,BAP240,2634.5,3.618245801,53.18316948,3.95377034
412,270.7424745,20,63.93614421,BAP240,2613.75,3.578345382,52.3851601,3.200035446
413,174.7421828,24,54.7224181,BAP241,1878.411765,2.206125744,44.40855818,2.359782969
414,288.2205637,21,55.9999727,BAP241,1892.2,3.822675832,45.35398449,4.404615278
415,173.9751688,19,56.54943146,BAP242,2072.125,2.568807598,47.10226622,2.075870618
416,240.467624,18,56.56407637,BAP242,2192.294118,2.784101512,49.53566299,3.50427299
417,224.9699518,19,64.37257496,BAP243,2512.684211,3.672362816,50.69483483,3.59446927
418,257.855095,19,64.67905113,BAP243,2419.5,2.862187577,49.18781864,5.652947573
419,259.0151296,19,59.75469187,BAP244,2363.470588,2.443443954,51.06099577,5.456574003
420,301.7023575,19,60.23423087,BAP244,2431.25,3.18803769,51.87555542,4.62824227
421,193.2846263,25,58.66240104,BAP245,2275.769231,2.324696443,49.91278109,2.775562303
422,239.2978106,22,58.25250308,BAP245,2370.285714,2.968897329,52.44725856,3.166489087
423,301.6747988,22,62.98296712,BAP246,2609.0,3.517389608,53.45697433,3.511548789
424,316.3640299,21,63.54614491,BAP246,2634.894737,3.834269273,53.27371033,3.298020678
425,131.2485162,17,63.78789147,BAP247,2525.058824,3.020861838,51.14801235,1.761411892
426,144.4004307,19,62.97130155,BAP247,2441.875,2.145683238,50.18960011,1.816317013
427,202.45502,25,55.2370816,BAP248,2082.318182,2.382152058,48.68323608,3.053120722
428,179.4520014,25,55.41679929,BAP248,2110.608696,2.672648518,49.33547585,2.784233107
429,71.55897917,13,43.5646722,BAP249,277.75,2.798166917,21.92963347,8.750620007
430,238.970069,10,46.35788251,BAP249,1063.142857,5.261427121,36.6557587,5.511159542
431,190.6765732,9,63.97331844,BAP250,2102.333333,3.981976903,47.7623694,4.641537482
432,345.7450506,14,64.86400188,BAP250,1605.6,6.444539292,46.02668101,20.51422042
433,36.86943683,21,53.02142581,BAP251,214.9090909,4.349612198,17.84596162,19.93297506
434,176.236347,14,49.12965604,BAP251,1420.5,3.196300053,38.9913309,5.326963167
435,377.8891666,6,59.59091916,BAP252,922.3333333,2.494956727,41.1460879,9.306751138
436,137.7534029,17,49.72504529,BAP252,1538.0,1.761575351,40.38318653,3.226994328
437,250.523723,20,52.81785761,BAP253,1904.555556,3.565265396,46.26835369,3.321007861
438,223.3811552,18,53.20178181,BAP253,1856.363636,3.575426745,44.72543144,2.351468954
439,360.5598979,17,54.10398108,BAP254,1919.4,4.457830559,46.10095451,4.778104373
440,246.5254882,18,54.36969298,BAP254,1888.428571,3.696971786,44.90053843,3.473010104
441,86.78837608,15,60.43781667,BAP255,2337.666667,1.704261651,51.18351241,3.400920112
442,414.0104669,12,79.75961421,BAP255,2650.0,2.291551733,52.26946293,15.18695888
443,165.7412642,21,52.92010767,BAP256,1891.0,3.064620725,46.38380138,2.233527897
444,184.0589278,18,53.318294,BAP256,1966.666667,2.627159953,47.80294577,2.93066005
445,202.0088523,27,54.7852335,BAP257,1812.583333,2.531655728,42.61978773,4.069877836
446,199.7538025,24,54.82441741,BAP257,1890.208333,2.453147824,44.2686706,3.85943274
447,254.0126567,26,55.68344762,BAP258,2076.454545,3.219153275,48.10105822,3.72618738
448,241.5610218,25,56.34532516,BAP258,2072.0,2.982106136,47.45732346,3.527500554
449,203.156204,21,52.83984299,BAP259,1694.368421,3.137330401,41.10515181,3.496882833
450,220.7857502,21,51.85567326,BAP259,1707.95,2.815487743,42.12218568,3.958308144
451,196.6955739,17,57.88225647,BAP260,2000.294118,2.115312996,44.62963566,4.181182895
452,121.0849965,15,57.61587383,BAP260,2047.416667,1.969993002,46.01445454,2.646092728
453,277.6499875,17,55.30023416,BAP261,1974.117647,3.487989418,46.07157273,4.576899782
454,335.4685322,18,57.34457349,BAP261,2005.692308,5.030797059,46.81750379,6.857164442
455,19.48218559,15,51.12177452,BAP262,288.6666667,3.153472955,23.1056824,5.642887298
456,176.3486662,16,48.62478341,BAP262,1266.615385,3.105890954,36.34717597,6.634932708
457,200.6946932,19,55.18820943,BAP263,2120.588235,2.994622661,49.61308923,2.478379802
458,191.1857735,19,55.23153214,BAP263,2152.5,2.67277811,50.19766136,2.408588406
459,188.4025072,26,55.68870221,BAP264,2098.130435,2.704499101,48.53020587,2.762833253
460,182.9042619,26,55.97826078,BAP264,2128.590909,2.920732645,48.88054169,2.304891655
461,233.264335,8,57.45215559,BAP265,2007.5,2.213008816,46.16431034,3.285876787
462,311.8284534,16,55.6446839,BAP265,1782.375,5.364328425,44.72939427,9.44078608
463,351.6717044,15,59.15414394,BAP266,1727.111111,4.543724316,44.54514259,8.712509152
464,28.82468078,16,34.5942224,BAP267,193.7333333,1.813470185,16.46982105,5.76789719
465,36.55673757,14,48.1881844,BAP267,211.2222222,2.067075155,14.66934123,13.34540534
466,261.2525917,23,48.6160498,BAP268,1614.833333,4.455273485,42.44468259,3.255638656
467,254.6044776,22,47.88596886,BAP268,1539.6,3.683784791,41.08445209,4.06115656
468,200.8653425,18,51.58739084,BAP269,1833.764706,2.687519315,45.88448345,3.25752733
469,297.5788672,19,53.51113579,BAP269,1935.533333,3.638550444,46.9406826,4.629104461
470,31.62497255,16,71.55367183,BAP270,216.8333333,3.864595559,20.06886842,16.54056045
471,206.5616357,18,56.30163844,BAP270,1832.764706,2.975358423,42.32575738,4.55126681
472,207.7755533,24,55.71493352,BAP271,1983.434783,2.735742566,46.52625223,4.090505558
473,271.0010535,23,56.32485421,BAP271,2000.388889,3.135386408,45.61113517,4.053627814
474,44.13076291,33,35.97948079,BAP272,212.6071429,3.035591524,17.52528741,7.67688167
475,148.7016944,21,48.993492,BAP272,1632.263158,2.260815786,42.74590519,3.07847588
476,209.9821791,19,57.31830417,BAP273,2110.466667,2.440530489,47.35114132,3.859495213
477,191.9770928,17,58.37664382,BAP273,2149.176471,2.552154178,47.30811141,3.394653672
478,226.0276311,22,47.46930245,BAP274,1501.9,3.175967389,40.70347492,3.674536673
479,241.4359819,22,49.0083656,BAP274,1591.0,3.17133091,41.77249733,3.900984496
480,271.5279425,22,57.43148819,BAP275,2047.590909,3.904476256,46.31715871,3.430237309
481,321.1605302,22,58.9911656,BAP275,2122.761905,4.475048513,47.08923144,4.107095543
482,247.6573341,20,55.0970575,BAP276,2163.947368,3.364519158,50.61389594,2.829036552
483,143.8351835,24,57.55649054,BAP276,2138.2,1.991385164,48.5755909,0.6107586223
484,211.6248245,16,49.24356767,BAP277,1674.928571,3.076304208,43.59805602,3.108851174
485,266.0456939,16,49.18073799,BAP277,1673.214286,3.345358204,43.49333145,4.284179261
486,215.1988457,19,53.71649316,BAP278,1939.111111,5.094119884,47.48146613,4.413561892
487,115.9544118,19,52.83492111,BAP278,1883.529412,1.855128559,45.85697897,1.836526374
488,328.9827351,19,58.29564435,BAP279,2216.4,4.027584699,48.91920534,3.981620592
489,288.3926941,17,57.84684821,BAP279,2379.647059,3.077823799,52.8510048,3.89755909
490,241.2333953,24,50.74875419,BAP280,1662.857143,3.600774126,42.24845855,3.245945847
491,189.3750504,25,51.29880388,BAP280,1712.416667,3.192614547,43.07200435,2.073342703
492,228.547692,21,51.23309016,BAP281,1718.95,3.268684361,43.14944005,3.453157517
493,251.3460369,20,50.93689299,BAP281,1742.055556,3.648565159,43.86085244,3.279834076
494,288.8538343,27,54.39747515,BAP282,1676.32,3.466421589,39.50206657,5.194720741
495,262.6321047,29,54.83881208,BAP282,1711.76,3.238102533,40.0755163,5.238945584
496,202.127534,24,51.06297971,BAP283,1684.4,2.755916172,42.47992335,3.459135805
497,206.0184898,26,49.75030395,BAP283,1631.347826,2.833194769,42.16460304,3.722450016
498,121.4569611,24,46.50143618,BAP284,1472.454545,1.92868902,41.31536717,2.167148003
499,154.6552017,23,47.28404589,BAP284,1519.636364,2.307616189,41.37589385,2.477853649
500,0.0,2,44.9871038,BAP285,1262.0,0.0,36.34532996,0.0
501,201.1820962,21,57.79242898,BAP286,1894.952381,3.584549632,42.7599934,5.110435949
502,155.7721636,24,54.91100132,BAP286,1801.818182,2.549684653,42.21959003,2.518946386
503,276.5568477,29,54.0683071,BAP287,1734.703704,3.291562169,42.22455022,4.88093039
504,50.24495552,17,52.42961583,BAP287,232.3333333,8.360090135,28.05766548,12.48103132
505,202.2347229,28,45.23115253,BAP288,1276.038462,4.016861957,37.53792618,4.368476449
506,136.8554238,28,45.41733457,BAP288,1212.954545,1.799458837,35.34758745,4.745924708
507,262.6384587,19,53.68265261,BAP289,1883.8,2.436423782,46.29230493,3.02404526
508,236.890936,16,54.07766855,BAP289,2064.533333,2.675619191,48.90971227,3.611196658
509,283.2997638,19,54.73082113,BAP290,2036.277778,3.025160478,47.78151707,4.448598878
510,209.1193173,20,56.0130286,BAP290,2048.666667,2.102589764,46.95600361,3.441692925
511,371.0071395,18,52.0434641,BAP291,1855.235294,4.355343327,45.43448364,5.395561652
512,417.8286571,20,52.70756819,BAP291,1909.052632,5.017855945,46.15527078,5.711253302
513,366.8975896,26,62.18723709,BAP292,2416.333333,4.928768506,50.35055868,4.055112081
514,380.6876973,27,60.59112586,BAP292,2299.913043,4.089752992,49.3946979,5.348278668
515,244.9106163,22,54.38855361,BAP293,2045.7,3.359091005,48.57241948,3.055522729
516,239.0627243,22,53.86679033,BAP293,1978.473684,2.78731377,47.36643837,3.735329575
517,225.5542704,18,57.33996067,BAP294,2276.266667,3.230650756,50.82831121,2.473503698
518,193.6798159,20,57.74609734,BAP294,2308.4375,2.908965713,51.15228413,2.227143004
519,0.0,12,58.49899863,BAP295,1545.0,0.0,38.70070598,0.0
520,213.3085338,21,51.43253498,BAP295,1637.571429,2.825259057,42.53720281,6.485381194
521,198.5159821,19,54.71788681,BAP296,1826.588235,2.721138204,42.7995516,3.46046474
522,172.5689645,21,55.25598756,BAP296,1885.45,2.353977232,43.81522566,3.404693859
523,44.80148807,23,39.14644995,BAP297,221.6,4.082895229,17.1029323,6.941249797
524,263.4695191,14,62.68438355,BAP297,2217.75,3.423452921,51.29467724,3.334425557
525,174.1557149,26,51.41599469,BAP298,1475.692308,2.961577501,37.16601199,4.130287273
526,188.1735476,26,52.42924506,BAP298,1553.846154,3.312755661,38.58593957,3.222168805
527,231.0259382,21,53.97531603,BAP299,1910.333333,2.833223229,45.71981665,3.873124843
528,0.0,15,57.68848197,BAP299,226.0,0.0,34.87431004,0.0
529,244.0373787,17,62.08844594,BAP300,2356.588235,3.662772757,49.00514485,3.770904477
530,239.0286717,18,64.49271006,BAP300,2396.0,2.895495765,48.80265636,6.475478581
531,255.4662939,19,57.08675325,BAP301,2101.8125,2.607039607,47.27332079,4.767523442
532,245.2406565,20,58.50992618,BAP301,2102.142857,1.740686788,47.23548491,5.605695944
533,148.5594947,16,53.00607745,BAP303,1804.071429,2.121929645,43.54020035,2.906483084
534,158.9631683,18,53.2941558,BAP303,1786.666667,2.003810734,42.95964108,3.206636851
535,170.8635709,18,51.29510952,BAP304,1510.588235,3.563094344,38.17987217,3.431603849
536,154.0219059,20,52.87300661,BAP305,1570.05,2.33932684,38.77548488,3.699573355
537,165.4475446,20,52.28228589,BAP305,1613.9,2.626451234,39.72685121,3.02698365
538,180.9883298,17,59.96524145,BAP306,2234.285714,3.625527179,47.82038898,2.300504574
539,216.3282614,15,63.3922525,BAP306,2373.5,3.415475433,48.90474188,4.114484589
540,217.0334363,19,56.56934846,BAP307,1887.473684,3.526238624,43.6799947,4.382348862
541,165.3224165,19,57.07291303,BAP307,1900.842105,2.77824631,42.91235872,2.209236215
542,318.487092,19,59.8288036,BAP308,1999.833333,5.075240708,43.59147232,4.137423786
543,250.2525921,17,59.58246535,BAP308,1991.588235,3.378179834,42.77452647,3.024891219
544,56.97119844,34,40.64575625,BAP309,276.4210526,4.096221959,17.35813176,8.723100623
545,26.45505287,22,50.05512929,BAP309,185.2307692,3.859940598,12.22642397,14.7507952
546,62.71893598,33,38.47297045,BAP310,241.4583333,3.042601561,17.70146612,7.594584405
547,349.4201944,12,56.08539606,BAP310,1550.833333,4.053502005,38.12499162,2.420340833
548,237.4671635,20,59.66036453,BAP311,1878.631579,2.862064614,40.31560667,4.140907639
549,223.3607294,20,60.93879815,BAP311,1956.388889,2.997917558,41.29900188,3.838528025
550,143.7008746,18,57.67405231,BAP312,2057.055556,2.542501177,45.83431152,2.910808587
551,257.6804373,19,60.89494425,BAP312,2138.947368,2.542115211,47.33484404,5.662309722
552,154.2365382,20,58.72762281,BAP313,2123.916667,1.908018907,46.67842583,1.80972264
553,161.2687799,18,57.18687256,BAP313,2091.294118,2.405958199,47.2823333,3.356193551
554,264.8689171,22,50.41311694,BAP314,1637.470588,3.87161274,41.62302097,4.458573138
555,205.9611614,23,52.36900996,BAP314,1678.0,3.392733367,41.07911447,2.604915604
556,181.0005072,17,64.38053788,BAP315,2235.0625,1.402796183,44.46593724,3.96214638
557,148.2975129,18,64.75221606,BAP315,2270.1875,1.936215436,45.37332124,3.177781811
558,278.4736547,15,65.22395084,BAP316,2394.083333,6.576976095,51.95527652,13.68898611
559,36.3516162,35,31.8256129,BAP316,200.6,3.112235053,16.84015107,8.758797343
560,231.3817282,14,54.80413651,BAP317,1913.363636,3.373710434,45.70926234,3.553111466
561,291.8994956,16,51.62596387,BAP317,1831.533333,3.778754357,45.43373439,4.445198825
562,26.5929972,19,50.03998999,BAP318,210.75,3.237870731,22.86518864,7.313068022
563,0.0,21,61.50662064,BAP318,161.0,0.0,10.12614926,0.0
564,203.676627,14,59.11806939,BAP319,1875.214286,3.272118211,40.89958623,3.64094823
565,247.2806387,14,62.10761085,BAP319,1966.0,5.134283442,42.69871459,6.12335031
566,219.5051607,16,61.20715074,BAP320,2336.466667,2.653688836,49.35097835,3.847527763
567,220.2035901,18,59.47456392,BAP320,2280.5625,3.042994869,49.24622107,3.330863593
568,252.5624291,16,63.88915253,BAP321,2624.071429,3.186342817,54.02820684,3.974831264
569,226.5009658,16,64.60074583,BAP321,2577.25,3.698031422,53.42764267,2.32962394
570,140.1403175,19,55.73306547,BAP322,1796.9375,1.997705492,41.41936681,3.028270841
571,121.806099,20,54.14476926,BAP322,1787.105263,1.769423141,42.50880872,2.657274787
572,254.0286371,21,53.7343006,BAP323,1989.631579,4.075318785,47.83161343,3.058887536
573,169.6565865,20,52.95814066,BAP323,1929.105263,2.091335107,47.28533709,2.866445879
574,373.7929963,16,56.91271564,BAP324,2322.285714,4.251844997,52.36324214,4.520889071
575,292.0,16,59.8729299,BAP324,2237.0,3.806042596,48.59329301,3.978400422
576,293.8701924,21,54.84137287,BAP325,2062.1,3.582152643,48.7283499,3.230451781
577,226.5921446,22,55.75677881,BAP325,1966.0,2.774878253,46.63870816,1.459710536
578,0.0,19,54.84047989,BAP326,2008.0,0.0,46.96022074,0.0
579,264.0839622,19,56.61400244,BAP326,2318.117647,3.18974994,52.2709119,3.331233968
580,154.1251034,21,49.82196712,BAP327,1672.45,2.400948846,43.58649583,2.747123942
581,162.1009595,22,47.43986707,BAP327,1524.772727,2.632732391,41.47516274,2.329641063
582,275.5217777,17,59.60996887,BAP328,2395.0,3.539713671,51.74486167,3.776232141
583,298.6906583,19,59.58569534,BAP328,2364.625,3.159848982,50.9435627,4.461280428
584,274.6663248,22,55.96530192,BAP329,2066.9,3.784348576,47.65939254,3.795445144
585,315.7934254,23,56.14265235,BAP329,2096.190476,3.934535322,47.95693325,4.171444007
586,181.8474355,20,56.84451243,BAP330,2095.285714,2.858174526,47.29601716,2.603362812
587,184.6227467,19,56.68088475,BAP330,2077.9375,2.587924833,47.28002039,2.894002968
588,305.256217,20,61.18943542,BAP331,2159.555556,3.771936774,45.66759531,5.101447072
589,350.9449545,20,61.03764712,BAP331,2182.5,4.179468105,46.12499982,5.561438554
590,216.3217728,17,58.9341378,BAP332,2016.125,2.973718189,44.28536897,3.205944198
591,310.6425866,19,59.73559147,BAP332,2034.647059,4.878872112,45.3809143,4.564241162
592,321.0461805,20,53.95013784,BAP333,1961.5,3.844661436,46.4917757,4.446501601
593,208.5261203,19,56.12789535,BAP333,1999.0,2.71629413,45.80070543,3.03808171
594,142.7655421,21,44.53268619,BAP334,1248.0,2.123961621,36.52609301,1.579231796
595,149.1321835,19,59.02502471,BAP334,1697.857143,2.491783322,44.11203779,9.219888713
596,153.0,10,50.04742029,BAP335,1397.0,0.4275143472,41.29314498,2.16019324
597,33.41238925,27,50.60732084,BAP335,220.5714286,4.701251828,24.55145129,12.91287767
598,257.0133447,17,66.08056806,BAP336,2490.125,3.277519292,48.74861385,3.890559234
599,308.4478948,17,68.02945053,BAP336,2540.117647,5.590663424,51.44845957,6.689132887
600,289.8503563,22,58.75172689,BAP337,2254.904762,3.293094773,49.15918211,4.238390861
601,270.2255294,24,59.71422342,BAP337,2264.857143,3.348211739,48.70938085,3.12682432
602,399.1634245,18,62.26098798,BAP338,2482.176471,5.228801968,51.34446379,4.446721617
603,411.2218408,18,62.36724524,BAP338,2519.1875,4.400131667,51.49058647,5.498501437
604,155.7541465,14,48.26790014,BAP339,1187.25,2.920964134,34.2346068,3.986875983
605,199.51818,18,48.13459867,BAP339,1198.363636,3.27999712,33.36439139,4.445162288
606,273.1886879,16,54.81178626,BAP340,2030.692308,3.271416607,47.42829449,3.673184778
607,301.3002489,16,54.33880947,BAP340,1989.4,4.274541772,46.80490212,3.784934535
608,139.7760113,23,56.11880016,BAP341,2096.0,1.956109814,48.38558483,1.829745517
609,247.4282906,21,54.12140548,BAP341,2110.368421,3.005235864,49.93386302,3.278659258
610,144.8097755,21,46.73114337,BAP342,1319.5625,3.01586616,37.56490798,4.689794312
611,165.8364688,11,63.42293964,BAP344,2458.375,2.221495432,51.8951481,2.569898582
612,0.0,2,73.59330168,BAP344,2009.0,0.0,48.04898587,0.0
613,124.0290289,7,61.16169618,BAP345,2066.0,2.578723424,45.24915492,7.745917379
614,161.3222061,18,56.09247978,BAP346,1604.75,1.883625269,41.27944073,10.34880465
615,127.7109094,17,51.22091463,BAP346,1558.083333,1.833046327,40.2625078,4.909479915
616,143.4869154,16,53.09460389,BAP347,1672.928571,2.284832647,42.51972598,5.746688755
617,118.8400606,11,50.48886433,BAP347,311.2,6.61261038,22.71915889,10.0554551
618,272.1466108,17,50.67127142,BAP348,736.0,5.26078277,30.73617006,11.51965602
619,119.2535522,17,47.71951051,BAP348,1068.083333,2.69403725,34.52616536,8.481839583
620,174.6123793,25,46.02112608,BAP349,1409.571429,2.822830133,39.23905337,3.06324945
621,186.3170674,23,45.39354443,BAP349,1380.636364,3.235300313,38.96976776,2.982641285
622,26.0261287,23,33.17463397,BAP350,197.375,2.438500197,18.00898362,6.572254138
623,33.73435816,24,59.77153162,BAP350,205.5882353,4.7273953,18.3926861,15.98436992
624,51.24776418,20,56.63164341,BAP351,216.0,5.524843346,23.07788814,12.21422449
625,12.51748777,16,66.04541595,BAP351,166.25,1.840778578,8.307484342,10.343601
626,21.62960934,16,56.17849441,BAP352,193.6,6.496241072,22.14907193,7.623126617
627,43.38411942,23,48.40323612,BAP352,230.0,5.050555888,20.00489605,12.78013788
628,122.3321169,21,51.11790827,BAP353,1375.105263,2.870544857,35.56912651,4.504719804
629,128.4330176,8,50.35180661,BAP353,1359.4,1.563798849,35.21859714,4.681236553
630,24.4244868,21,43.46849358,BAP354,187.3333333,3.26046763,16.87235472,13.36099059
631,38.75421124,19,61.08940405,BAP354,200.6666667,3.48535942,18.02898642,12.93504865
632,138.6538835,13,47.16116607,BAP355,1097.153846,4.738010794,32.65549479,3.850739243
633,187.8551331,16,65.90900077,BAP355,1172.857143,7.873301055,38.46373585,20.04721637
634,73.79674236,18,43.7785621,BAP356,565.5714286,3.113999124,27.87588023,6.198065904
635,59.69552375,11,57.59305865,BAP356,1551.333333,1.451996958,36.22525707,4.59354975
636,14.32654878,18,44.73021714,BAP357,216.5,4.099949794,25.12426352,7.134700135
637,26.35307145,19,65.9537955,BAP358,179.375,2.782404629,15.41173088,13.71511556
638,199.555512,17,47.2526724,BAP359,1253.538462,2.773921096,36.61976554,4.390173884
639,121.2172636,21,46.25985261,BAP359,1284.0,1.744805023,36.11507304,3.512874815
640,146.0232249,16,49.82883898,BAP360,1382.533333,2.492736643,35.65489356,2.611240589
641,143.6482632,18,49.89385999,BAP360,1468.0,3.104488373,38.00842885,2.944693549
642,45.20078662,21,52.05943637,BAP361,214.3333333,3.822932135,18.33346387,9.23338739
643,132.5631459,12,51.89441299,BAP362,1507.111111,2.844766962,39.7235531,4.582521832
644,35.74688798,15,41.46844269,BAP363,191.6,2.749259404,21.7665099,10.34378862
645,114.2800836,21,67.90639884,BAP363,343.25,8.424874982,29.09825848,8.311824684
646,274.1167349,18,53.38317442,BAP364,1677.625,5.162474432,42.81673886,7.086570028
647,13.5,12,43.03160694,BAP364,1152.5,0.188423568,36.08455982,0.2680134827
648,38.63668449,15,47.05895136,BAP365,200.4545455,4.005935672,19.21770156,8.046330538
649,301.1946007,12,54.06501423,BAP366,1470.25,7.391255425,37.24854299,6.284049246
650,51.05293691,22,56.67578244,BAP366,232.5384615,5.559684301,24.68626598,11.78244365
651,209.4302402,19,55.38072866,BAP367,2134.785714,3.572678668,49.91871144,2.552803315
652,82.59270885,17,55.85878328,BAP367,2045.333333,0.6157337827,47.39357367,1.494943901
653,288.140984,19,59.54333493,BAP368,2006.8,3.947957716,45.34928713,8.384583216
654,157.9838248,11,55.40515071,BAP369,1593.0,2.345011258,40.04508117,11.6708745
655,252.8668279,15,60.99969879,BAP370,2102.285714,4.813148771,46.81224593,4.813270478
656,27.45141612,14,44.91155324,BAP370,189.5555556,3.776008305,19.38159015,9.247268627
657,220.4663906,20,49.06838663,BAP371,1417.210526,3.702866921,37.76527169,4.144640862
658,168.5233547,17,54.77220405,BAP372,1681.4375,2.577942899,39.74174828,2.663086532
659,157.2084106,16,56.38771129,BAP372,1795.125,2.697434746,41.15751979,2.537327783
660,22.04415198,22,51.75836914,BAP373,188.7647059,4.118692019,17.90403208,12.67980725
661,24.55088784,22,62.9856693,BAP373,186.4375,4.803525567,15.870794,14.03523962
662,203.3200679,21,48.59562272,BAP374,1429.5,2.376821941,37.97112546,3.782820776
663,95.7213194,20,48.67940215,BAP374,1482.388889,1.556563379,39.227099,2.701846393
664,19.61858529,13,54.12442848,BAP375,182.6666667,3.798465125,14.48376739,10.81373785
665,90.47538646,26,64.84433278,BAP375,265.9333333,6.196576891,23.35189053,17.24423788
666,61.0757557,24,53.81972979,BAP376,251.5454545,6.553186977,25.53387648,13.82558899
667,61.37132881,15,48.75473632,BAP376,286.6,3.737991232,24.76303847,8.816829915
668,59.98642425,21,76.01921554,BAP377,234.4375,4.695427032,17.25417374,23.6608906
669,120.4579213,25,46.655664,BAP378,1430.315789,2.080381785,39.21048951,2.419636024
670,98.88886849,20,45.45284376,BAP378,1361.210526,1.83075478,38.3897703,2.218257711
671,224.0066963,19,51.8033497,BAP379,1830.0,2.832654359,45.2678576,3.516035271
672,218.4216742,21,51.03602993,BAP379,1807.833333,3.010431641,45.36346201,3.111013431
673,193.3478114,23,51.11707499,BAP380,1753.434783,2.490158387,44.01717634,3.527347025
674,206.6128701,25,51.49904175,BAP380,1736.409091,2.91817142,43.39575986,3.498134647
675,163.8246013,15,49.14608982,BAP381,1172.0,1.715003327,31.1504126,4.968334396
676,153.7872584,16,56.3212056,BAP382,2274.75,1.795574168,52.35281505,1.484290439
677,145.3777608,16,56.60211822,BAP382,2275.2,1.774712674,51.97380079,1.823937193
678,317.0534092,19,50.21478242,BAP383,1798.631579,4.400456098,45.79045786,4.267996651
679,302.9979308,19,49.32380641,BAP383,1736.5625,4.611855351,45.06667403,3.870477076
680,148.1472578,16,50.12528314,BAP384,1649.7,2.160966686,42.36868035,2.522876927
681,66.51502477,15,51.06098008,BAP384,1721.461538,1.536804908,43.32246488,1.280529624
682,121.5,18,64.01829417,BAP385,2040.5,0.961463626,43.76469519,6.364861945
683,383.7610715,17,60.3166497,BAP385,1856.2,6.98236473,42.93548458,0.8786325247
684,205.9983286,29,60.77022644,BAP386,1748.148148,3.111145758,37.17400707,3.817297091
685,213.1861009,27,60.67808736,BAP386,1755.615385,2.928115855,37.25229759,4.03580098
686,187.2379829,55,47.77750325,BTX623,1612.4,2.722905103,43.47003945,2.891303234
687,187.7094464,55,47.84634802,BTX623,1615.431818,2.750525324,43.48482788,2.854510289
688,186.2051091,49,48.31636077,BTX623,1623.268293,2.956554867,43.22228965,2.538786707
