,b,r,sample,g,closest color
0,70.82009283,133.1098412,BAP001,83.82744985,dark brown
1,71.62282962,133.6383427,BAP001,84.34019886,red
2,63.52460441,137.5875813,BAP002,78.57585825,dark brown
3,62.65441141,137.2125746,BAP002,77.92264558,dark brown
4,61.99831113,130.3759373,BAP003,73.38430998,dark brown
5,60.96345681,130.0533661,BAP003,72.6698342,dark brown
6,81.61651457,152.7832089,BAP004,106.8729381,light brown
7,82.75189604,153.2736994,BAP004,107.6160686,light brown
8,68.16570929,124.621155,BAP005,71.89995507,dark brown
9,68.77241658,124.8660076,BAP005,72.43882657,dark brown
10,61.87895972,127.9291588,BAP006,69.37376457,dark brown
11,60.28023388,127.5749694,BAP006,68.43131773,dark brown
12,128.2873648,179.7929355,BAP007,145.2508856,cream
13,127.4416435,179.1634392,BAP007,144.4786655,cream
14,154.550305,192.1156513,BAP008,167.7850542,white
15,154.913712,192.5168324,BAP008,168.17456,white
16,152.6024407,187.360671,BAP009,163.9977818,white
17,152.3712792,187.5233071,BAP009,164.0061393,white
18,144.0105291,191.5482771,BAP010,160.7606479,white
19,143.9426274,191.7202558,BAP010,160.8994085,white
20,65.10429554,136.3319671,BAP011,77.11559449,dark brown
21,64.07294512,135.9767856,BAP011,76.38765896,dark brown
22,133.7258584,170.7038425,BAP012,143.7245591,chalky white
23,134.1030481,171.2516908,BAP012,144.1975878,chalky white
24,88.27899043,161.0356265,BAP013,114.1742802,light brown
25,87.5276503,160.7253201,BAP013,113.6223147,light brown
26,62.50308829,121.9649995,BAP014,69.32779742,dark brown
27,61.73144448,122.1054491,BAP014,68.96194577,dark brown
28,127.0020373,165.2174815,BAP015,135.111202,cream
29,126.9764562,165.0279442,BAP015,134.9906301,cream
30,74.21752289,150.7255846,BAP016,92.8215079,red
31,75.71618767,151.8587553,BAP016,94.30139995,red
32,85.50329308,149.0967797,BAP017,99.30562738,light brown
33,87.14037939,150.0443403,BAP017,100.8344433,light brown
34,84.01581994,158.5640937,BAP018,106.2857429,light brown
35,84.58441245,158.9255695,BAP018,106.718437,light brown
36,68.38710563,129.7334543,BAP019,69.95479995,dark brown
37,67.64277686,129.1313606,BAP019,69.22062849,dark brown
38,123.5259298,172.5165456,BAP020,137.2832519,cream
39,124.1681449,172.5287283,BAP020,137.670793,cream
40,134.7148543,184.8631795,BAP021,152.2439857,pearl
41,135.3095481,185.2731002,BAP021,152.7746417,pearl
42,125.0758412,177.8069232,BAP022,139.2352665,cream
43,66.5125028,141.0744893,BAP023,77.19875199,red
44,67.23040318,141.9245668,BAP023,78.14966339,red
45,51.03089431,94.79756098,BAP024,49.94552846,dark brown
46,60.39096713,119.1465503,BAP024,64.87399247,dark brown
47,124.2459156,170.6770678,BAP025,141.5360171,cream
48,123.7328343,169.5866419,BAP025,140.8475389,cream
49,127.1804105,172.9871952,BAP026,144.1597753,cream
50,124.2031054,170.6260707,BAP026,141.6643908,cream
51,162.5158601,191.7959838,BAP027,170.1726521,white
52,162.8674546,192.1103903,BAP027,170.5113538,white
53,122.969323,169.6068844,BAP028,136.5143212,cream
54,120.7232619,167.4402055,BAP028,134.2039262,cream
55,63.76025768,118.3452087,BAP029,66.22115541,dark brown
56,64.97119531,118.8091099,BAP029,67.2226477,dark brown
57,64.94271396,129.3944974,BAP030,72.69087014,dark brown
58,64.00905152,128.3201807,BAP030,71.57996458,dark brown
59,62.26817529,122.5534092,BAP031,66.74830469,dark brown
60,60.88021025,120.6338036,BAP031,65.27652646,dark brown
61,61.9119424,112.055564,BAP032,60.91583197,dark brown
62,62.78302153,112.5148686,BAP032,61.63531545,dark brown
63,66.58913901,122.1636471,BAP033,68.20449712,dark brown
64,65.58775755,121.6397671,BAP033,67.38106218,dark brown
65,62.55001207,118.2937293,BAP034,62.63738178,dark brown
66,63.18130245,118.7553197,BAP034,63.18285758,dark brown
67,117.7897315,170.51687,BAP035,136.3054652,cream
68,117.2313981,170.0572156,BAP035,135.7090178,cream
69,60.78863922,114.4849765,BAP036,61.10758658,dark brown
70,61.46249758,115.8193139,BAP036,62.49882026,dark brown
71,152.3794935,190.7654271,BAP037,164.5771209,white
72,152.5229117,190.759378,BAP037,164.663132,white
73,145.0812034,192.3679828,BAP038,159.2058436,white
74,145.3521329,192.453674,BAP038,159.4284964,white
75,64.45229757,119.3636905,BAP039,75.44517157,dark brown
76,63.66399745,119.1364457,BAP039,75.0412103,dark brown
77,81.22371788,146.9386083,BAP040,94.98373725,light brown
78,82.03577813,147.0179209,BAP040,95.69626258,light brown
79,65.99079789,106.7097825,BAP041,65.44127043,dark brown
80,67.18973568,107.8279038,BAP041,66.62875109,dark brown
81,64.18163632,129.8154483,BAP042,75.25530176,dark brown
82,65.00150667,130.7195513,BAP042,76.20086509,dark brown
83,106.0077185,164.4274077,BAP043,120.1662386,yellow
84,105.1876577,161.8482459,BAP043,118.2699496,yellow
85,140.596894,183.2413165,BAP044,154.0799631,pearl
86,140.7938992,182.694623,BAP044,153.8993581,pearl
87,63.01328271,124.045904,BAP045,72.08734013,dark brown
88,62.25562806,123.7891631,BAP045,71.67402255,dark brown
89,62.14662094,116.3679463,BAP046,64.18155625,dark brown
90,61.0169151,115.7158716,BAP046,63.29148884,dark brown
91,73.76182309,157.3029811,BAP047,96.79801163,light brown
92,73.02444273,157.012979,BAP047,96.32995676,light brown
93,69.81746739,149.2211433,BAP048,80.72996525,red
94,70.38868325,149.4931808,BAP048,81.16387968,red
95,67.08732071,136.0223242,BAP049,74.05641726,dark brown
96,66.54140103,135.9656875,BAP049,73.74645399,dark brown
97,59.29175878,103.1061604,BAP071,62.06884169,dark brown
98,59.4670603,103.0101554,BAP071,62.610488,dark brown
99,115.450075,170.5191297,BAP072,132.151736,cream
100,116.4148542,170.8679122,BAP072,132.9106066,cream
101,138.2704999,184.7282374,BAP073,153.9518811,pearl
102,138.0158838,184.538315,BAP073,153.7207347,pearl
103,128.918974,184.96593,BAP074,141.6049856,cream
104,127.2257481,184.0061415,BAP074,139.8337571,cream
105,115.7247259,164.3636952,BAP075,132.7555883,yellow
106,116.1494094,164.5546596,BAP075,133.0958955,yellow
107,64.83226251,119.407285,BAP076,69.15510327,dark brown
108,65.64868841,120.1000759,BAP076,69.9817731,dark brown
109,66.84355695,121.5192266,BAP077,74.55844206,dark brown
110,65.64437068,120.9683154,BAP077,73.46379744,dark brown
111,65.08113891,116.2124772,BAP078,68.45529651,dark brown
112,66.24803964,116.6448372,BAP078,69.36398761,dark brown
113,107.2227973,164.379211,BAP079,125.8487617,yellow
114,108.1806114,163.9852757,BAP079,127.5908958,yellow
115,70.28142327,126.6334882,BAP080,79.827072,dark brown
116,69.30427549,125.2169135,BAP080,78.23973133,dark brown
117,147.1356617,184.3586358,BAP081,159.2714619,white
118,147.5011541,184.3781175,BAP081,159.4463785,white
119,62.37368989,121.4643178,BAP082,70.50532783,dark brown
120,61.47951276,120.8527152,BAP082,69.73989374,dark brown
121,152.662425,192.0743063,BAP083,166.2330088,white
122,152.9637155,192.034503,BAP083,166.3618982,white
123,116.5552194,164.341726,BAP084,129.5923193,yellow
124,116.4442755,164.3561552,BAP084,129.3846947,yellow
125,131.8071943,174.9151228,BAP085,146.1460251,chalky white
126,131.3631901,174.5661102,BAP085,145.8326544,chalky white
127,93.53852871,160.1206999,BAP086,120.7520484,yellow
128,92.96827515,159.9291209,BAP086,120.5325877,yellow
129,68.41124809,116.1343171,BAP087,71.13305753,dark brown
130,67.59994717,115.6223708,BAP087,70.34533027,dark brown
131,94.78222432,153.5057875,BAP088,114.8950885,yellow
132,95.556969,153.7651682,BAP088,115.2649115,yellow
133,91.57709304,160.1828112,BAP089,107.2327062,light brown
134,91.51883144,161.2031378,BAP089,107.1887081,light brown
135,131.673826,173.9336638,BAP090,143.6659563,cream
136,132.1565219,174.2684689,BAP090,144.1377012,chalky white
137,105.1761943,170.574484,BAP091,124.4540763,yellow
138,103.8858597,169.9044368,BAP091,123.3287278,yellow
139,110.8877579,156.8012984,BAP092,121.6018862,yellow
140,111.1318091,157.1000022,BAP092,121.9790398,yellow
141,61.5592599,118.1555827,BAP093,65.50437533,dark brown
142,62.46665889,118.5266795,BAP093,66.23758843,dark brown
143,64.04873783,130.1088535,BAP094,71.65323383,dark brown
144,63.16577445,129.8875986,BAP094,71.05034902,dark brown
145,76.22636076,112.6661942,BAP095,80.82496511,dark brown
146,75.73047089,112.6274464,BAP095,80.51712082,dark brown
147,84.59202732,156.3465895,BAP098,108.9416366,light brown
148,83.87638581,155.6269386,BAP098,108.1745044,light brown
149,63.9484983,113.0823134,BAP099,65.88419082,dark brown
150,65.03065875,113.6121657,BAP099,66.76608733,dark brown
151,130.5102564,178.4294054,BAP100,148.2586288,chalky white
152,132.5547808,179.9009464,BAP100,150.1508239,chalky white
153,104.6205928,162.2032956,BAP101,121.3824827,yellow
154,105.3765172,162.6068489,BAP101,122.2925752,yellow
155,87.69544294,156.8262268,BAP102,101.6222573,light brown
156,88.96235407,157.3925733,BAP102,102.9578065,light brown
157,90.32675377,159.9156148,BAP103,104.3137939,light brown
158,89.7568514,159.6205538,BAP103,103.8237589,light brown
159,92.81143618,164.3557818,BAP104,108.8575968,light brown
160,92.19865977,163.9661396,BAP104,108.3818786,light brown
161,80.82240953,161.4238742,BAP105,94.42296935,light brown
162,81.34871153,161.7245429,BAP105,94.85665222,light brown
163,63.16437233,117.3285603,BAP106,67.41153473,dark brown
164,63.95965863,118.0581804,BAP106,68.17933163,dark brown
165,68.91899661,135.4246405,BAP107,80.33536282,dark brown
166,69.78905683,135.9087332,BAP107,81.13732878,red
167,154.6148037,184.524651,BAP108,161.5700665,white
168,154.9043599,184.7763354,BAP108,161.8708102,white
169,46.67737494,38.9805129,BAP109,38.9461101,dark brown
170,44.98277203,37.36832741,BAP109,37.44734372,dark brown
171,65.15637621,112.0999477,BAP110,69.89096286,dark brown
172,65.88368937,112.3555004,BAP110,70.37610141,dark brown
173,71.28143024,125.9888468,BAP111,77.2418481,dark brown
174,85.63394628,141.3814945,BAP112,101.19826,light brown
175,96.11345042,151.9311372,BAP112,113.3897908,yellow
176,127.4554969,169.5721147,BAP113,141.1480129,cream
177,130.6440741,173.0983888,BAP113,144.4204651,cream
178,80.93550403,143.2228094,BAP114,87.93072605,red
179,82.52804244,145.5427423,BAP114,88.65229704,red
180,63.50736956,115.3034988,BAP115,66.90817668,dark brown
181,59.71659695,112.0388101,BAP115,62.83918053,dark brown
182,61.39514199,108.8416385,BAP116,65.22255954,dark brown
183,63.22986489,115.6896495,BAP116,68.85078902,dark brown
184,61.23745089,94.75127926,BAP117,62.25008301,dark brown
185,72.18978177,63.5563746,BAP117,64.07519954,dark brown
186,78.8749703,70.99291378,BAP118,71.30678581,dark brown
187,62.34875062,106.2004875,BAP118,65.33477329,dark brown
188,62.63129209,113.7528615,BAP119,66.72499907,dark brown
189,62.82814575,109.3179068,BAP119,65.45054201,dark brown
190,65.32727464,114.4473119,BAP120,68.67717314,dark brown
191,64.99117495,108.2073876,BAP120,67.57433291,dark brown
192,71.02517986,61.75179856,BAP121,61.69064748,dark brown
193,68.88680648,124.6322247,BAP121,79.42214037,dark brown
194,66.05145731,110.4700957,BAP122,68.72331093,dark brown
195,67.11547721,114.3458574,BAP122,69.99493072,dark brown
196,59.92399517,108.4772844,BAP123,64.48813386,dark brown
197,59.73300984,108.1986287,BAP123,64.52165513,dark brown
198,62.5244433,115.6647505,BAP124,69.28647221,dark brown
199,62.29134371,53.20514506,BAP125,53.90829536,dark brown
200,65.52459841,70.65118626,BAP126,58.88847494,dark brown
201,63.92650495,73.01742968,BAP126,58.62694516,dark brown
202,58.8894032,110.0272181,BAP127,64.903106,dark brown
203,60.41170934,108.7591054,BAP127,65.56638897,dark brown
204,107.9799962,148.5739125,BAP128,120.074157,yellow
205,104.6624586,145.3039359,BAP128,116.2949354,yellow
206,72.59095336,131.0661329,BAP129,89.23811437,red
207,75.82271016,91.20786185,BAP129,76.15891945,dark brown
208,76.68262678,122.955329,BAP130,84.42390792,dark brown
209,74.62624217,128.284824,BAP130,85.91527774,dark brown
210,63.5697742,80.86963201,BAP131,59.39076923,dark brown
211,103.8088066,141.3287904,BAP132,111.0152839,light brown
212,102.87692,143.7066595,BAP132,111.0989247,light brown
213,86.93551559,146.687237,BAP133,97.11292872,light brown
214,84.76194306,142.8440658,BAP133,94.56969815,light brown
215,86.45188329,145.9619973,BAP134,99.49826744,light brown
216,87.75969975,145.1559076,BAP134,99.87433305,light brown
217,66.00108832,65.00080949,BAP135,59.02513596,dark brown
218,72.00812876,63.9816592,BAP135,64.0023089,dark brown
219,63.67358266,106.3922097,BAP136,66.79408282,dark brown
220,69.48231742,60.77542547,BAP136,61.03212609,dark brown
221,87.63793495,124.3295962,BAP137,95.02486189,red
222,84.31637788,120.9661357,BAP137,91.60873843,dark brown
223,72.57364699,63.90674179,BAP138,63.89220735,dark brown
224,64.09947379,111.8778436,BAP138,68.14327219,dark brown
225,64.73670039,95.18010475,BAP139,63.14242007,dark brown
226,68.49253147,60.1341567,BAP139,60.31003399,dark brown
227,75.15283613,66.85386029,BAP140,67.43421744,dark brown
228,67.01588926,116.6776554,BAP140,71.42680738,dark brown
229,80.98401555,118.8464323,BAP141,87.12051336,dark brown
230,72.47976267,98.64635969,BAP141,74.9584271,dark brown
231,73.23796354,64.52245788,BAP142,64.59918132,dark brown
232,111.4069222,135.5820706,BAP142,116.0135563,yellow
233,67.06639994,124.5811492,BAP143,74.86445265,dark brown
234,65.94878683,56.45700208,BAP143,56.94522311,dark brown
235,73.26737187,89.78338204,BAP144,70.50707895,dark brown
236,62.45136187,124.0924125,BAP144,72.93968872,dark brown
237,72.36484544,63.36673253,BAP145,63.79344964,dark brown
238,68.26875954,59.39374657,BAP145,59.57058236,dark brown
239,62.00132493,102.442071,BAP146,63.64442982,dark brown
240,42.49813823,34.48825241,BAP147,34.79574009,dark brown
241,61.90689728,104.6992221,BAP148,65.2408179,dark brown
242,64.183254,120.2463561,BAP149,69.32383507,dark brown
243,62.60782425,114.3926544,BAP149,65.9553746,dark brown
244,133.1487951,172.7783287,BAP150,145.8986131,chalky white
245,133.553614,173.9165442,BAP150,146.5025617,chalky white
246,61.14249842,113.1729353,BAP151,66.13299085,dark brown
247,61.40860059,110.5786111,BAP151,65.04569871,dark brown
248,66.96054883,116.5932095,BAP152,72.36740231,dark brown
249,67.03676301,113.4944841,BAP152,71.73037434,dark brown
250,131.8336628,171.6973068,BAP153,139.973549,cream
251,138.1861086,177.1683875,BAP153,147.3733633,chalky white
252,68.05521492,59.48646612,BAP154,59.23548239,dark brown
253,65.76778453,127.1673096,BAP154,78.03695072,dark brown
254,64.27124024,102.6436016,BAP155,68.15081403,dark brown
255,63.84956032,70.95787653,BAP155,59.70161505,dark brown
256,68.45732132,127.5941774,BAP156,77.11657518,dark brown
257,67.81982884,125.8073803,BAP156,76.43351554,dark brown
258,90.44006399,147.9367629,BAP157,105.4505139,light brown
259,95.15993171,150.6705121,BAP157,109.958064,light brown
260,96.02168318,144.7258147,BAP158,103.9310713,light brown
261,97.04671316,144.527403,BAP158,104.4057247,light brown
262,144.1812635,188.6600501,BAP159,159.3807628,white
263,149.1813405,193.8022175,BAP159,164.9296307,white
264,130.1012272,185.2027558,BAP160,147.1063265,chalky white
265,129.500673,185.3286982,BAP160,145.5417915,chalky white
266,141.0428996,187.3440871,BAP161,158.1612287,white
267,145.2480366,191.5003704,BAP161,162.4704732,white
268,95.22326921,168.0716288,BAP162,125.1933047,yellow
269,89.05997262,160.8502278,BAP162,118.3052165,yellow
270,60.42151366,120.7246288,BAP163,68.01586426,dark brown
271,71.54061003,63.7760939,BAP163,64.00720217,dark brown
272,87.16273877,162.7264672,BAP164,116.9659971,yellow
273,85.67067128,162.0045166,BAP164,116.4386276,yellow
274,66.38499385,57.08364084,BAP165,58.00492005,dark brown
275,59.68728271,111.1759663,BAP166,62.54275407,dark brown
276,58.11187467,106.9073697,BAP166,60.50090826,dark brown
277,70.65422669,114.555364,BAP167,77.27457144,dark brown
278,72.85818574,121.9390994,BAP167,79.79874997,dark brown
279,147.3464819,185.4917218,BAP168,157.8813242,white
280,148.1672387,187.5983708,BAP168,159.5059458,white
281,124.0469301,160.8829119,BAP169,134.5612995,cream
282,124.9893688,161.7766732,BAP169,135.4903771,cream
283,137.8305011,175.2956436,BAP170,147.8799275,chalky white
284,128.3230368,168.2063128,BAP170,137.6806273,cream
285,60.21137381,51.40163485,BAP171,51.82880604,dark brown
286,63.47280926,115.7316393,BAP171,72.10312818,dark brown
287,113.9331079,151.0979514,BAP172,123.2294835,yellow
288,108.1386695,140.7092611,BAP172,115.8450292,yellow
289,57.0943292,49.07887169,BAP174,49.15802739,dark brown
290,95.34178643,144.7601351,BAP174,108.5682836,light brown
291,59.79266887,78.84577208,BAP175,56.0453826,dark brown
292,61.14728487,88.02124814,BAP175,58.4971719,dark brown
293,90.07002516,144.8513804,BAP176,101.2592925,light brown
294,91.68975648,149.7244906,BAP176,105.0939275,light brown
295,129.2394902,178.5120308,BAP177,146.5630672,cream
296,121.6257196,172.5239014,BAP177,139.7039144,cream
297,120.9138578,170.3778035,BAP178,136.6698814,cream
298,119.5110053,168.6762531,BAP178,134.4723933,cream
299,85.72195611,149.779248,BAP179,102.769368,light brown
300,81.89395232,144.8336778,BAP179,97.68198223,light brown
301,88.42100601,151.4245357,BAP180,102.1729592,light brown
302,90.43735047,154.3757387,BAP180,107.218271,light brown
303,85.48611263,134.1567908,BAP181,95.767481,red
304,94.00219382,145.7111588,BAP182,107.7166303,light brown
305,91.85592135,143.59496,BAP182,103.7377353,light brown
306,73.70578549,64.6908773,BAP184,65.17101428,dark brown
307,97.38790069,144.1550642,BAP184,107.8749522,light brown
308,68.43703474,115.8206232,BAP186,75.05932127,dark brown
309,61.75448011,51.91463778,BAP186,52.96346903,dark brown
310,90.2010804,147.3532245,BAP187,109.7678837,light brown
311,85.87768478,141.3452843,BAP187,102.5484632,light brown
312,79.70333317,123.4769558,BAP188,86.52527619,dark brown
313,81.8789151,125.3468677,BAP188,88.60909318,red
314,136.1509293,183.2056446,BAP189,149.5992969,chalky white
315,134.2750298,181.7286841,BAP189,147.8490441,chalky white
316,131.8225936,176.9273666,BAP190,145.0774184,chalky white
317,135.4851026,182.8253199,BAP190,149.1917465,chalky white
318,119.8022344,180.6607491,BAP191,137.0198916,cream
319,125.7427056,175.8875002,BAP191,137.8202257,cream
320,119.8495441,158.2627341,BAP192,131.2188856,yellow
321,122.059668,160.452416,BAP192,133.4632968,cream
322,112.857938,162.9057041,BAP193,127.9439971,yellow
323,115.3235855,165.882829,BAP193,131.718297,yellow
324,87.73389951,160.1106395,BAP194,101.9970214,light brown
325,89.25110966,161.7009588,BAP194,103.2391623,light brown
326,83.52603572,147.2045398,BAP195,95.16466674,light brown
327,83.11740098,150.3232863,BAP195,95.73079142,light brown
328,147.5369298,187.5664742,BAP196,159.3209341,white
329,153.3759124,188.6645657,BAP196,164.2599851,white
330,135.1998936,177.5725586,BAP197,149.7479016,chalky white
331,141.5659796,181.7343325,BAP197,156.0463095,pearl
332,71.15974217,122.2926522,BAP198,76.94068293,dark brown
333,70.36080806,124.5961609,BAP198,76.11693649,dark brown
334,156.025303,189.6862333,BAP199,167.257921,white
335,157.5685678,191.8088142,BAP199,168.9851591,white
336,126.6524336,164.6726281,BAP200,136.8723856,cream
337,121.173242,159.209608,BAP200,131.0366433,cream
338,60.09257143,114.2914286,BAP201,62.18571429,dark brown
339,123.0471487,183.33759,BAP202,144.1065515,cream
340,116.3140264,176.2569396,BAP202,136.9282488,cream
341,96.59035723,153.1611338,BAP203,109.3086516,light brown
342,97.47956135,157.7671104,BAP203,111.2891267,yellow
343,107.8221448,161.2427785,BAP204,119.9192404,yellow
344,107.3548274,161.4510277,BAP204,119.8335524,yellow
345,160.9906362,185.8695676,BAP205,168.783277,white
346,160.3612594,187.8040724,BAP205,169.3250929,white
347,147.4889269,173.5371807,BAP206,154.2542633,pearl
348,145.5259469,172.2384014,BAP206,152.2884325,pearl
349,88.01779145,148.0198253,BAP207,100.6742849,light brown
350,87.25894389,144.8560904,BAP207,98.55503527,light brown
351,118.1683985,160.5791921,BAP208,129.6644439,yellow
352,122.4706626,165.9672571,BAP208,134.5234291,cream
353,67.21642381,58.40465589,BAP210,58.71834337,dark brown
354,68.51331845,136.4569056,BAP210,84.24858227,red
355,61.18521969,107.3164301,BAP212,66.07282658,dark brown
356,61.86643292,118.6956961,BAP212,69.52618538,dark brown
357,63.06114005,116.6962623,BAP213,71.5643857,dark brown
358,65.60363995,56.09653412,BAP213,56.78359508,dark brown
359,45.08488123,36.75499325,BAP214,37.62681688,dark brown
360,71.11632694,129.1808966,BAP214,82.3697367,dark brown
361,100.0427056,147.0687921,BAP215,114.8277192,yellow
362,95.80211975,141.3204683,BAP215,109.6393798,light brown
363,62.78185745,54.5637149,BAP216,55.11015119,dark brown
364,44.14796809,36.33403224,BAP216,36.97271298,dark brown
365,75.4245956,112.6109335,BAP217,81.82499009,dark brown
366,85.47646626,120.3516984,BAP217,91.14517245,dark brown
367,85.48894494,138.584835,BAP218,96.38413791,light brown
368,79.81604958,140.6051472,BAP218,91.38649922,red
369,110.9438598,152.5768429,BAP219,123.1907895,yellow
370,114.9840922,156.7954765,BAP219,127.7090473,yellow
371,111.1793373,147.4825366,BAP220,121.6707786,yellow
372,111.8955251,153.5372546,BAP220,123.5474666,yellow
373,36.37738024,28.47464796,BAP221,30.27171427,dark brown
374,50.07548716,40.99397433,BAP221,42.22894738,dark brown
375,67.15146099,129.2746407,BAP222,75.04781582,dark brown
376,61.9550985,53.10217414,BAP222,53.30081789,dark brown
377,110.5893988,154.9294335,BAP223,124.0674632,yellow
378,109.4083028,153.0226541,BAP223,122.5308259,yellow
379,35.60263686,28.53374048,BAP224,30.11665907,dark brown
380,64.65805572,130.9126773,BAP224,76.45784427,dark brown
381,46.61440582,38.57700574,BAP225,39.12099664,dark brown
382,35.55173924,28.51089815,BAP225,30.18236201,dark brown
383,111.7404511,159.5797301,BAP226,126.3076608,yellow
384,109.4732126,157.5430349,BAP226,124.0129787,yellow
385,109.7039074,165.7236792,BAP227,124.3933358,yellow
386,109.6153661,167.5790259,BAP227,125.1874539,yellow
387,34.41711457,27.55151016,BAP228,29.04335242,dark brown
388,37.8609646,30.64759919,BAP228,31.96930328,dark brown
389,38.56377746,30.952533,BAP229,32.53483681,dark brown
390,60.7944485,52.42718698,BAP229,52.83440136,dark brown
391,140.2696635,186.2723123,BAP230,156.2370423,white
392,141.4684711,187.9097322,BAP230,157.708091,white
393,121.4382651,169.2268569,BAP231,135.8763281,cream
394,115.6077855,161.6221145,BAP231,128.6293054,yellow
395,137.9550519,175.6412811,BAP232,149.9273199,chalky white
396,144.1652521,182.2758748,BAP232,156.6235808,white
397,157.226107,190.713913,BAP233,168.4963349,white
398,146.3727602,178.2212943,BAP233,156.0240959,pearl
399,146.228207,185.9738976,BAP234,160.2094424,white
400,141.2561805,178.7208057,BAP234,153.8774447,pearl
401,157.587486,189.0155433,BAP235,167.5562957,white
402,116.3930885,162.7605852,BAP236,131.3186768,yellow
403,118.1187315,165.0941137,BAP236,133.7595184,cream
404,82.85133171,156.4106284,BAP237,94.80588974,light brown
405,85.10529007,158.4639341,BAP237,97.48488449,light brown
406,125.2255229,174.0689057,BAP238,137.4393664,cream
407,129.790418,181.0182752,BAP238,143.4684164,cream
408,141.8926645,187.5352752,BAP239,158.706965,white
409,136.2782296,181.7545362,BAP239,152.7168394,pearl
410,95.65808624,155.8051808,BAP240,110.4983608,light brown
411,95.16195044,150.2755917,BAP240,109.0670048,light brown
412,100.2080983,156.8008722,BAP240,114.9217107,yellow
413,68.11554103,118.8098168,BAP241,69.75619319,dark brown
414,68.13679404,114.6313455,BAP241,68.25613871,dark brown
415,105.234472,170.7764675,BAP242,117.3337366,yellow
416,96.14492418,160.1289318,BAP242,106.9034271,light brown
417,57.98195123,122.6585704,BAP243,58.8753712,dark brown
418,58.17090172,125.7442004,BAP243,59.47758864,dark brown
419,120.1312889,164.1521422,BAP244,134.0779446,cream
420,119.9027876,165.7009947,BAP244,135.3821174,cream
421,152.7463688,192.044307,BAP245,165.2920693,white
422,156.0986877,195.2756665,BAP245,169.6205513,white
423,143.2516421,183.934344,BAP246,156.5595656,white
424,144.2641907,183.3330614,BAP246,156.8784905,white
425,86.56422279,157.0374726,BAP247,99.59121524,light brown
426,95.7029098,168.7978871,BAP247,109.4893908,yellow
427,92.10585168,150.6203445,BAP248,101.4731097,light brown
428,90.59639361,149.8001562,BAP248,100.4787417,light brown
429,51.13769547,43.20590086,BAP249,43.42919864,dark brown
430,59.59166682,105.1343619,BAP249,65.39448604,dark brown
431,64.21802794,121.3716461,BAP250,73.99034974,dark brown
432,67.43583168,116.2218669,BAP250,74.68195131,dark brown
433,47.93476168,39.08942107,BAP251,40.59613139,dark brown
434,63.90549945,110.9130576,BAP251,64.6093589,dark brown
435,70.3866731,79.08127768,BAP252,66.10819017,dark brown
436,78.24201945,126.4416926,BAP252,83.62133763,dark brown
437,129.6450364,163.3049898,BAP253,136.5212607,cream
438,132.2237042,165.642554,BAP253,139.060743,cream
439,91.76542397,148.9599725,BAP254,110.6087181,light brown
440,86.26432558,144.217105,BAP254,103.8408148,light brown
441,77.02831921,133.4576385,BAP255,85.31844811,red
442,71.6682707,122.1595375,BAP255,78.88163135,dark brown
443,118.5037938,165.4336703,BAP256,133.6652979,cream
444,112.9316859,157.6539586,BAP256,126.5115071,yellow
445,150.3638847,184.0662671,BAP257,159.819067,white
446,148.9315744,181.7469598,BAP257,158.1167286,white
447,159.3591613,189.1615085,BAP258,168.9571778,white
448,158.8037737,190.0986048,BAP258,169.0537705,white
449,151.6714662,185.5161164,BAP259,161.7698813,white
450,150.3784082,183.5870882,BAP259,160.3323878,white
451,112.4855728,139.5390609,BAP260,113.69221,yellow
452,115.5605852,145.5894785,BAP260,119.0539773,yellow
453,74.42594498,136.7072483,BAP261,89.06123805,red
454,77.44646712,135.5155206,BAP261,91.20639426,red
455,60.11434383,49.95336429,BAP262,50.72079731,dark brown
456,62.09325136,114.0824904,BAP262,66.91881366,dark brown
457,157.0278562,192.5864833,BAP263,170.6567301,white
458,155.363683,190.6572161,BAP263,168.8032918,white
459,134.3181266,181.167552,BAP264,149.8487264,chalky white
460,133.5550609,180.5581473,BAP264,149.1121137,chalky white
461,66.09458134,121.9457776,BAP265,74.2270348,dark brown
462,79.63792972,128.4778577,BAP265,86.3382595,red
463,82.15972371,131.3161722,BAP266,89.33227022,red
464,43.65865446,35.30194035,BAP267,35.99037905,dark brown
465,47.13324233,38.529232,BAP267,39.37492078,dark brown
466,143.8109483,185.1917672,BAP268,157.5486637,white
467,140.0194845,181.9104865,BAP268,154.070211,pearl
468,107.2224839,155.5536085,BAP269,122.1240542,yellow
469,104.8040833,148.7567186,BAP269,117.7045998,yellow
470,62.26818405,53.88893818,BAP270,54.33622982,dark brown
471,68.44774625,141.7465772,BAP270,80.39294548,red
472,73.89744993,142.8297711,BAP271,84.27730928,red
473,72.94830167,141.5890324,BAP271,82.95037942,red
474,36.19860787,29.04514799,BAP272,31.04824772,dark brown
475,67.36414827,133.2764145,BAP272,79.8171025,dark brown
476,155.3638626,188.3189169,BAP273,164.7111083,white
477,151.8271573,186.8753708,BAP273,161.9565523,white
478,149.8754469,178.6466896,BAP274,154.5986961,pearl
479,144.5268363,175.4679704,BAP274,149.5214692,pearl
480,64.631999,129.1504459,BAP275,74.53377666,dark brown
481,63.42100781,127.4458886,BAP275,73.751294,dark brown
482,115.8751556,161.9234491,BAP276,131.2814103,yellow
483,113.3686343,164.7770835,BAP276,132.0390011,yellow
484,150.5692223,177.4906847,BAP277,156.7682203,white
485,150.5346488,179.4399455,BAP277,157.8821387,white
486,123.1841115,151.2773783,BAP278,128.1201103,yellow
487,121.9730594,149.4517535,BAP278,126.821958,yellow
488,149.9509742,181.9322548,BAP279,157.3770196,white
489,144.2858883,175.4223277,BAP279,150.4274129,pearl
490,77.86336473,149.247882,BAP280,98.40076028,light brown
491,77.2061603,149.4298494,BAP280,98.2245103,light brown
492,157.3309772,185.6464884,BAP281,164.5935439,white
493,151.8490752,179.7679285,BAP281,158.1569681,white
494,142.3083873,176.4378823,BAP282,151.4346753,pearl
495,140.505418,173.1249437,BAP282,149.1585299,chalky white
496,137.1200186,161.7069972,BAP283,141.1222678,chalky white
497,137.8399344,163.8785678,BAP283,142.5775205,chalky white
498,162.7899795,188.7124504,BAP284,168.9991301,white
499,160.5493494,185.8145851,BAP284,166.4318608,white
500,53.67828843,91.11014263,BAP285,53.57131537,dark brown
501,75.94986802,148.8432241,BAP286,88.12508049,red
502,76.9228349,152.6531789,BAP286,90.33958504,red
503,57.92627851,112.9729152,BAP287,59.45534319,dark brown
504,68.70052838,59.22992837,BAP287,60.08704923,dark brown
505,60.79097107,113.12441,BAP288,63.00596215,dark brown
506,61.63409825,116.0791113,BAP288,64.32394887,dark brown
507,101.7143399,150.309375,BAP289,116.9105905,yellow
508,100.5480147,148.6359317,BAP289,116.1047797,yellow
509,144.4876735,177.156844,BAP290,154.2709393,pearl
510,156.7874045,191.9688281,BAP290,168.6766358,white
511,160.0710009,186.0552847,BAP291,165.1486453,white
512,150.6176203,177.3461033,BAP291,155.2412741,pearl
513,129.9067061,165.2982982,BAP292,135.1848173,cream
514,142.9022173,178.6732332,BAP292,150.2506318,pearl
515,91.62467783,150.1929193,BAP293,100.8011566,light brown
516,91.25470101,149.878475,BAP293,100.634622,light brown
517,130.6373281,171.7493124,BAP294,142.7529039,cream
518,131.0475827,171.1375066,BAP294,143.1658892,cream
519,53.19093851,84.82588997,BAP295,54.16116505,dark brown
520,68.75792111,119.5186314,BAP295,76.63884503,dark brown
521,65.50961288,134.0782991,BAP296,76.75378204,dark brown
522,66.51200046,137.8602425,BAP296,77.84514064,dark brown
523,44.11836911,36.19734997,BAP297,37.05735858,dark brown
524,104.0811765,138.946466,BAP297,114.8380485,yellow
525,73.59563855,147.9864612,BAP298,92.35878605,red
526,71.42182431,145.3223835,BAP298,90.42556939,red
527,69.27891574,128.9332697,BAP299,77.16009284,dark brown
528,57.16814159,49.07079646,BAP299,49.2300885,dark brown
529,62.09450819,126.5782398,BAP300,66.31281877,dark brown
530,62.53613203,125.6656983,BAP300,66.88661211,dark brown
531,78.91715733,144.4928091,BAP301,85.82603687,red
532,77.60789081,143.906436,BAP301,85.42974941,red
533,166.4665313,182.4522607,BAP303,168.1596463,white
534,169.6006894,185.4728925,BAP303,171.5353111,white
535,93.86630764,150.023195,BAP304,112.6848829,light brown
536,124.4178069,155.9020099,BAP305,131.3798094,cream
537,122.651757,153.197658,BAP305,129.3442063,yellow
538,68.37980188,135.5580739,BAP306,73.84705561,dark brown
539,67.74105469,132.8386995,BAP306,72.63165664,dark brown
540,68.46725206,139.430229,BAP307,77.24580571,red
541,67.4545851,137.7719384,BAP307,76.39027942,dark brown
542,74.52725013,141.6803969,BAP308,83.58036979,red
543,77.2664009,151.3185947,BAP308,88.17970209,red
544,41.02381896,33.36001274,BAP309,34.82078424,dark brown
545,49.77602853,41.45095274,BAP309,42.48233297,dark brown
546,36.65481696,29.64287942,BAP310,31.30075484,dark brown
547,50.56729811,92.63829746,BAP310,51.3414257,dark brown
548,97.03420428,131.8981653,BAP311,103.1180914,light brown
549,101.5601295,136.1892607,BAP311,107.173749,light brown
550,64.33999384,129.5915441,BAP312,72.39712564,dark brown
551,62.73255336,121.87073,BAP312,69.59575545,dark brown
552,151.9552131,182.7993215,BAP313,159.2720532,white
553,145.936206,177.4194475,BAP313,153.7227042,pearl
554,167.2841835,192.8889076,BAP314,174.2756868,white
555,163.9821815,190.4943012,BAP314,171.307442,white
556,103.2034585,136.3715571,BAP315,107.3762813,light brown
557,107.8268238,140.1770508,BAP315,111.9576154,yellow
558,62.65633749,116.6715198,BAP316,65.4494875,dark brown
559,39.88930523,32.64778284,BAP316,34.15405937,dark brown
560,114.2129794,159.0170136,BAP317,126.9250826,yellow
561,121.4768393,163.2952809,BAP317,133.6447844,cream
562,65.03134,56.8197075,BAP318,57.00138779,dark brown
563,50.30434783,43.0931677,BAP318,43.9378882,dark brown
564,98.0005789,132.1968271,BAP319,102.5919598,light brown
565,96.99430621,131.8303282,BAP319,102.4959251,light brown
566,115.9923045,143.8076026,BAP320,118.0768995,yellow
567,115.0093669,143.3235913,BAP320,116.5979644,yellow
568,84.38925445,140.999692,BAP321,89.91734395,red
569,85.25757371,142.5517763,BAP321,90.75169635,red
570,142.1545124,166.1259664,BAP322,147.2910979,chalky white
571,148.2722153,175.8608723,BAP322,155.5416693,pearl
572,120.7324445,167.5068497,BAP323,134.4884021,cream
573,122.9467119,170.6667614,BAP323,136.9065851,cream
574,109.6463155,161.1845819,BAP324,118.4927174,yellow
575,117.1127559,170.6459726,BAP324,126.9397454,yellow
576,126.601008,164.8298765,BAP325,132.3194208,cream
577,113.5569395,153.6931513,BAP325,116.3049566,yellow
578,131.1329681,175.7360558,BAP326,142.2883466,cream
579,135.4503607,177.5412266,BAP326,148.6722752,chalky white
580,93.46554105,138.2268085,BAP327,103.2899171,light brown
581,93.68315741,141.5794458,BAP327,104.308186,light brown
582,127.7507003,168.1494699,BAP328,138.9319782,cream
583,131.9832582,171.3765605,BAP328,143.1310184,cream
584,117.1281173,162.5607856,BAP329,130.5542716,yellow
585,115.9370873,160.8588544,BAP329,129.2011382,yellow
586,85.89596491,154.0724138,BAP330,96.29597691,light brown
587,88.19388295,154.2368115,BAP330,99.41865588,light brown
588,120.2360667,161.1576299,BAP331,129.6826372,yellow
589,119.9066325,160.6283256,BAP331,129.2073093,yellow
590,71.21961955,128.1500485,BAP332,73.48971599,dark brown
591,67.91862294,119.6929934,BAP332,68.80036868,dark brown
592,95.8577946,163.3765685,BAP333,108.0486254,yellow
593,98.56663408,167.7453863,BAP333,108.9454914,yellow
594,64.3184707,110.1840389,BAP334,68.54477685,dark brown
595,62.42546208,105.2265073,BAP334,64.56259076,dark brown
596,58.7912535,97.78167566,BAP335,59.15670625,dark brown
597,52.2813374,44.29650853,BAP335,44.9297614,dark brown
598,71.94125465,144.8442235,BAP336,80.65518589,red
599,69.89652977,135.8533927,BAP336,77.25993689,dark brown
600,78.14036695,151.616636,BAP337,87.95082502,red
601,78.35259122,150.2928374,BAP337,88.14298262,red
602,97.41086778,149.6026168,BAP338,110.6293959,light brown
603,94.73060526,147.13149,BAP338,108.0852657,light brown
604,62.63838685,115.6777269,BAP339,67.73993413,dark brown
605,62.49735369,116.6816402,BAP339,68.14640426,dark brown
606,83.8368225,155.2974742,BAP340,102.7307454,light brown
607,82.92587438,153.088801,BAP340,101.3351405,light brown
608,111.814899,161.7203775,BAP341,128.5822509,yellow
609,111.4765234,164.7758227,BAP341,129.868249,yellow
610,67.96668131,127.2769014,BAP342,74.53377856,dark brown
611,61.0342774,116.0680908,BAP344,63.35695096,dark brown
612,64.3554007,107.9362867,BAP344,63.55002489,dark brown
613,68.51747039,127.3509963,BAP345,79.85508184,dark brown
614,78.27362972,137.1225169,BAP346,95.16814223,red
615,81.46288452,141.8036387,BAP346,99.32953165,light brown
616,74.07293915,137.5343279,BAP347,91.42072811,red
617,57.5439595,48.55396129,BAP347,48.76376754,dark brown
618,57.39278453,75.19681675,BAP348,52.95334157,dark brown
619,57.69816505,90.7115722,BAP348,55.56139473,dark brown
620,136.6140914,176.2645117,BAP349,149.288601,chalky white
621,137.9118761,177.5288712,BAP349,150.5861797,chalky white
622,39.8324435,32.73481616,BAP350,33.20253821,dark brown
623,59.66962545,51.50520124,BAP350,51.60230997,dark brown
624,61.56444716,52.86774745,BAP351,53.29513999,dark brown
625,54.19278484,45.98160193,BAP351,46.357154,dark brown
626,59.44121429,51.50082119,BAP352,51.50081826,dark brown
627,51.18310201,42.89613652,BAP352,43.15765777,dark brown
628,71.66927225,131.8580452,BAP353,86.8659443,red
629,69.36003339,127.572131,BAP353,84.59937949,dark brown
630,48.55842961,40.17627834,BAP354,40.59117207,dark brown
631,56.91691335,48.72921158,BAP354,49.14892895,dark brown
632,65.19358631,106.2994851,BAP355,66.38494952,dark brown
633,61.53452915,86.12366022,BAP355,58.88046576,dark brown
634,38.51582928,30.89992572,BAP356,31.20074354,dark brown
635,65.96675519,118.868999,BAP356,76.59125724,dark brown
636,60.99559359,52.93895708,BAP357,52.87650112,dark brown
637,60.612775,51.89059335,BAP358,52.2683982,dark brown
638,63.11901138,119.1935397,BAP359,71.72693753,dark brown
639,63.34899257,124.5747372,BAP359,72.83527449,dark brown
640,135.1169846,168.1728044,BAP360,144.2579856,chalky white
641,126.5754908,156.268896,BAP360,133.9261735,cream
642,58.49567414,50.23974878,BAP361,50.26869415,dark brown
643,63.97022022,120.4351127,BAP362,71.75274909,dark brown
644,60.54581732,52.15147725,BAP363,52.19279543,dark brown
645,59.0890127,50.76102072,BAP363,50.7696935,dark brown
646,62.36362997,106.7319293,BAP364,60.24304651,dark brown
647,64.68768984,108.203899,BAP364,62.96146374,dark brown
648,55.82423424,47.78053905,BAP365,47.86631326,dark brown
649,75.45249963,112.0670824,BAP366,79.67005886,dark brown
650,58.4638022,50.74112673,BAP366,50.64394847,dark brown
651,115.7673012,163.4048353,BAP367,129.3995191,yellow
652,116.2390047,160.8744876,BAP367,126.5540505,yellow
653,68.7666413,118.3449122,BAP368,72.35786232,dark brown
654,78.50726439,139.7889128,BAP369,95.05082281,red
655,66.226808,119.0111358,BAP370,70.25074842,dark brown
656,55.03002388,47.56310647,BAP370,47.19049621,dark brown
657,75.63539074,131.529731,BAP371,80.71690222,dark brown
658,133.6900317,169.5555602,BAP372,144.2310664,chalky white
659,126.7097903,161.4189605,BAP372,136.4191435,cream
660,57.63483955,49.4203091,BAP373,49.34514665,dark brown
661,57.26619737,48.8815012,BAP373,49.03064047,dark brown
662,118.9807221,168.9380296,BAP374,129.8383374,cream
663,121.6258785,171.3294009,BAP374,132.6971553,cream
664,56.69420976,48.61602956,BAP375,48.71491405,dark brown
665,63.62356974,55.52035661,BAP375,55.37271847,dark brown
666,61.80777481,53.96594773,BAP376,53.8253902,dark brown
667,57.36491879,48.9239384,BAP376,49.06795629,dark brown
668,62.22883542,53.971832,BAP377,53.99995628,dark brown
669,134.0363467,174.0216276,BAP378,144.3589154,chalky white
670,141.4079012,180.7804768,BAP378,152.0569182,pearl
671,110.6975858,161.7148681,BAP379,127.6959168,yellow
672,113.5263772,163.9575177,BAP379,130.2577753,yellow
673,133.051941,171.7545505,BAP380,142.2357046,cream
674,135.1953213,172.5508901,BAP380,144.1386008,chalky white
675,73.07291295,125.3061144,BAP381,81.67956519,dark brown
676,142.916374,174.82625,BAP382,151.4408737,pearl
677,142.4237285,174.1019389,BAP382,150.2657572,pearl
678,134.2887657,175.5025257,BAP383,147.9312672,chalky white
679,135.3039384,175.9249893,BAP383,148.3579392,chalky white
680,154.6951241,188.1056371,BAP384,162.831541,white
681,154.9948384,185.5311282,BAP384,161.7865168,white
682,141.4637968,164.469854,BAP385,143.9074806,chalky white
683,128.3626829,161.6704446,BAP385,133.72593,cream
684,78.5932047,147.988261,BAP386,93.65924331,red
685,74.54530262,142.4326375,BAP386,88.64646994,red
686,136.0113995,179.7895413,BTX623,150.7333186,chalky white
687,136.1261014,179.8432668,BTX623,150.7199581,chalky white
688,137.6089422,182.7527317,BTX623,153.9332126,pearl
